id,account_code,account_name,account_type,account_detail_type,is_group,parent_code,erpnext_account_name
"3899","1000","Application of Funds (Assets) - SACL","asset","","true","","Application of Funds (Assets) - SACL"
"3630","1001","Stanbic Bank(1009003231207)","asset","Bank","false","",""
"3631","1002","Centenary Bank(4220029288)","asset","Bank","false","",""
"3900","1090","Current Assets - SACL","asset","","true","1000","Current Assets - SACL"
"1","1100","Accounts Receivable","asset","Receivable","false","",""
"3910","1101","Accounts Receivable - SACL","asset","","true","1090","Accounts Receivable - SACL"
"3988","1102","Debtors - SACL","asset","Receivable","false","1101","Debtors - SACL"
"4051","1103","Lost Stock Recoverable - SACL","asset","Receivable","false","1101","Lost Stock Recoverable - SACL"
"2","1110","Cash","asset","Cash","false","",""
"3","1120","Bank","asset","Bank","false","",""
"4","1130","Mobile Money","asset","Bank","false","",""
"5","1140","Card Clearing","asset","Temporary","false","",""
"6","1200","Inventory","asset","Stock","false","",""
"3901","1201","Stock Assets - SACL","asset","Stock","true","1090","Stock Assets - SACL"
"3902","1202","Abiriga AS W/Hse - SACL","asset","Warehouse","false","1201","Abiriga AS W/Hse - SACL"
"3918","1203","Alpha AS W/Hse - SACL","asset","Warehouse","false","1201","Alpha AS W/Hse - SACL"
"3919","1204","Baiga AS WHse - SACL","asset","Warehouse","false","1201","Baiga AS WHse - SACL"
"3920","1205","Balance in China - SACL","asset","Stock","false","1201","Balance in China - SACL"
"3924","1206","BC Bundibugyo W/Hse - SACL","asset","Warehouse","false","1201","BC Bundibugyo W/Hse - SACL"
"3925","1207","BC Nebbi W/Hse - SACL","asset","Warehouse","false","1201","BC Nebbi W/Hse - SACL"
"3926","1208","BC Paidha W/Hse - SACL","asset","Warehouse","false","1201","BC Paidha W/Hse - SACL"
"3927","1209","C$K Factory W/Hse - SACL","asset","Warehouse","false","1201","C$K Factory W/Hse - SACL"
"3980","1210","Container(1) W/Hse - SACL","asset","Warehouse","false","1201","Container(1) W/Hse - SACL"
"3981","1211","Container(2) W/Hse - SACL","asset","Warehouse","false","1201","Container(2) W/Hse - SACL"
"3985","1212","CPU Stores WHse - SACL","asset","Warehouse","false","1201","CPU Stores WHse - SACL"
"3987","1213","DDR Req W/Hs - SACL","asset","Warehouse","false","1201","DDR Req W/Hs - SACL"
"4016","1214","Factory Samples W/Hse - SACL","asset","Warehouse","false","1201","Factory Samples W/Hse - SACL"
"4021","1215","Galaxy Ent W/Hse - SACL","asset","Warehouse","false","1201","Galaxy Ent W/Hse - SACL"
"4022","1216","Galaxy Enterprises W/Hse - SACL","asset","Warehouse","false","1201","Galaxy Enterprises W/Hse - SACL"
"4024","1217","Giant Auto Spares W/Hse - SACL","asset","Warehouse","false","1201","Giant Auto Spares W/Hse - SACL"
"4025","1218","Gold AS W/Hse - SACL","asset","Warehouse","false","1201","Gold AS W/Hse - SACL"
"4026","1219","Goods in Transit - SACL","asset","Stock","false","1201","Goods in Transit - SACL"
"4027","1220","Guangzhou China W/Hse - SACL","asset","Warehouse","false","1201","Guangzhou China W/Hse - SACL"
"4042","1221","Japa Quality Spares W/Hse - SACL","asset","Warehouse","false","1201","Japa Quality Spares W/Hse - SACL"
"4045","1222","Kyenjojo Trdz W/Hse - SACL","asset","Warehouse","false","1201","Kyenjojo Trdz W/Hse - SACL"
"4052","1223","Mackay W/Hse - SACL","asset","Warehouse","false","1201","Mackay W/Hse - SACL"
"4056","1224","Masaba AG W/Hse - SACL","asset","Warehouse","false","1201","Masaba AG W/Hse - SACL"
"4057","1225","Masereka AS W/Hse - SACL","asset","Warehouse","false","1201","Masereka AS W/Hse - SACL"
"4058","1226","Mbarara Stockist W/Hse - SACL","asset","Warehouse","false","1201","Mbarara Stockist W/Hse - SACL"
"4060","1227","Mobile Five W/Hse - SACL","asset","Warehouse","false","1201","Mobile Five W/Hse - SACL"
"4061","1228","Mobile Four W/Hse - SACL","asset","Warehouse","false","1201","Mobile Four W/Hse - SACL"
"4063","1229","Mobile One W/Hse - SACL","asset","Warehouse","false","1201","Mobile One W/Hse - SACL"
"4064","1230","Mobile Three W/Hse - SACL","asset","Warehouse","false","1201","Mobile Three W/Hse - SACL"
"4065","1231","Mobile Two W/Hse - SACL","asset","Warehouse","false","1201","Mobile Two W/Hse - SACL"
"4066","1232","Mobile West W/Hse - SACL","asset","Warehouse","false","1201","Mobile West W/Hse - SACL"
"4072","1233","Multiple Tradex W/Hse - SACL","asset","Warehouse","false","1201","Multiple Tradex W/Hse - SACL"
"4073","1234","Mwesigwa AP W/Hse - SACL","asset","Warehouse","false","1201","Mwesigwa AP W/Hse - SACL"
"4074","1235","Nile TX W/Hse - SACL","asset","Warehouse","false","1201","Nile TX W/Hse - SACL"
"4079","1236","Ogwang AS W/Hse - SACL","asset","Warehouse","false","1201","Ogwang AS W/Hse - SACL"
"4080","1237","OK Extra Traders(OKET) W/Hse - SACL","asset","Warehouse","false","1201","OK Extra Traders(OKET) W/Hse - SACL"
"4081","1238","Okiror Vita W/Hse - SACL","asset","Warehouse","false","1201","Okiror Vita W/Hse - SACL"
"4083","1239","Ordering Shop2Shop W/Hse - SACL","asset","Warehouse","false","1201","Ordering Shop2Shop W/Hse - SACL"
"4105","1240","Showroom CPU W/Hse - SACL","asset","Warehouse","false","1201","Showroom CPU W/Hse - SACL"
"4106","1241","SKY Traders W/Hse - SACL","asset","Warehouse","false","1201","SKY Traders W/Hse - SACL"
"4126","1242","Superb Kse W/Hse - SACL","asset","Warehouse","false","1201","Superb Kse W/Hse - SACL"
"4127","1243","Taff Arua Shp W/Hse - SACL","asset","Warehouse","false","1201","Taff Arua Shp W/Hse - SACL"
"4128","1244","Taff Arua W/Hse Shp- SACL - SACL","asset","Warehouse","false","1201","Taff Arua W/Hse Shp- SACL - SACL"
"4129","1245","Taff Bunia W/Hse - SACL","asset","Warehouse","false","1201","Taff Bunia W/Hse - SACL"
"4130","1246","Taff Kampala W/Hse - SACL","asset","Warehouse","false","1201","Taff Kampala W/Hse - SACL"
"4131","1247","Taff Mbale W/Hse - SACL","asset","Warehouse","false","1201","Taff Mbale W/Hse - SACL"
"4132","1248","Tambo Gen Trdz W/Hse - SACL","asset","Warehouse","false","1201","Tambo Gen Trdz W/Hse - SACL"
"4135","1249","Temporary DDR W/Hse - SACL","asset","Warehouse","false","1201","Temporary DDR W/Hse - SACL"
"4137","1250","Teso RS W/Hse - SACL","asset","Warehouse","false","1201","Teso RS W/Hse - SACL"
"4138","1251","three - SACL","asset","Warehouse","false","1201","three - SACL"
"4140","1252","Transfer CPU W/Hse - SACL","asset","Warehouse","false","1201","Transfer CPU W/Hse - SACL"
"4141","1253","Transit W/Hse - SACL","asset","Warehouse","false","1201","Transit W/Hse - SACL"
"4158","1254","Wholesale W/Hse - SACL","asset","Warehouse","false","1201","Wholesale W/Hse - SACL"
"3912","1300","Cash In Hand - SACL","asset","Cash","true","1090","Cash In Hand - SACL"
"3913","1301","AIRTEL MONEY - SACL","asset","Cash","false","1300","AIRTEL MONEY - SACL"
"3928","1302","Cash - SACL","asset","Cash","false","1300","Cash - SACL"
"3929","1303","Cash Abiriga AS - SACL","asset","Cash","false","1300","Cash Abiriga AS - SACL"
"3930","1304","Cash Alpha AS - SACL","asset","Cash","false","1300","Cash Alpha AS - SACL"
"3933","1305","Cash Baiga AS - SACL","asset","Cash","false","1300","Cash Baiga AS - SACL"
"3934","1306","Cash BCBundibugyo - SACL","asset","Cash","false","1300","Cash BCBundibugyo - SACL"
"3935","1307","Cash BCNebbi - SACL","asset","Cash","false","1300","Cash BCNebbi - SACL"
"3936","1308","Cash BCPaidha - SACL","asset","Cash","false","1300","Cash BCPaidha - SACL"
"3937","1309","Cash CPU - SACL","asset","Cash","false","1300","Cash CPU - SACL"
"3938","1310","Cash CPU Freight - SACL","asset","Cash","false","1300","Cash CPU Freight - SACL"
"3939","1311","Cash Field Work - SACL","asset","Cash","false","1300","Cash Field Work - SACL"
"3940","1312","Cash Galaxy Enterprises - SACL","asset","Cash","false","1300","Cash Galaxy Enterprises - SACL"
"3941","1313","Cash Giant AS - SACL","asset","Cash","false","1300","Cash Giant AS - SACL"
"3942","1314","Cash Gold AS - SACL","asset","Cash","false","1300","Cash Gold AS - SACL"
"3943","1315","Cash Import Pay - SACL","asset","Cash","false","1300","Cash Import Pay - SACL"
"3944","1316","Cash Imports CNY - SACL","asset","Cash","false","1300","Cash Imports CNY - SACL"
"3945","1317","Cash Imports USD - SACL","asset","Cash","false","1300","Cash Imports USD - SACL"
"3946","1318","Cash Japa Q. Spares - SACL","asset","Cash","false","1300","Cash Japa Q. Spares - SACL"
"3947","1319","Cash Kyenjojo Trdz - SACL","asset","Cash","false","1300","Cash Kyenjojo Trdz - SACL"
"3948","1320","Cash Masaba AG - SACL","asset","Cash","false","1300","Cash Masaba AG - SACL"
"3949","1321","Cash Masereka AS - SACL","asset","Cash","false","1300","Cash Masereka AS - SACL"
"3950","1322","Cash Mobile Five - SACL","asset","Cash","false","1300","Cash Mobile Five - SACL"
"3951","1323","Cash Mobile Four - SACL","asset","Cash","false","1300","Cash Mobile Four - SACL"
"3952","1324","Cash Mobile One - SACL","asset","Cash","false","1300","Cash Mobile One - SACL"
"3953","1325","Cash Mobile Three - SACL","asset","Cash","false","1300","Cash Mobile Three - SACL"
"3954","1326","Cash Mobile Two - SACL","asset","Cash","false","1300","Cash Mobile Two - SACL"
"3955","1327","Cash MobileWest - SACL","asset","Cash","false","1300","Cash MobileWest - SACL"
"3956","1328","Cash Multiple Tradex - SACL","asset","Cash","false","1300","Cash Multiple Tradex - SACL"
"3957","1329","Cash Mwesigwa AP - SACL","asset","Cash","false","1300","Cash Mwesigwa AP - SACL"
"3958","1330","Cash Nile TX - SACL","asset","Cash","false","1300","Cash Nile TX - SACL"
"3959","1331","Cash Ogwang AS - SACL","asset","Cash","false","1300","Cash Ogwang AS - SACL"
"3960","1332","Cash OK Extra Traders(OKET) - SACL","asset","Cash","false","1300","Cash OK Extra Traders(OKET) - SACL"
"3961","1333","Cash Okiror Vita - SACL","asset","Cash","false","1300","Cash Okiror Vita - SACL"
"3962","1334","Cash Purchases(CPU) - SACL","asset","Cash","false","1300","Cash Purchases(CPU) - SACL"
"3963","1335","Cash Sales-Sky traders - SACL","asset","Cash","false","1300","Cash Sales-Sky traders - SACL"
"3964","1336","Cash SKY Traders - SACL","asset","Cash","false","1300","Cash SKY Traders - SACL"
"3965","1337","Cash Superb - SACL","asset","Cash","false","1300","Cash Superb - SACL"
"3966","1338","Cash Taff Arua - SACL","asset","Cash","false","1300","Cash Taff Arua - SACL"
"3967","1339","Cash Taff Bunia - SACL","asset","Cash","false","1300","Cash Taff Bunia - SACL"
"3968","1340","Cash Taff Kampala - SACL","asset","Cash","false","1300","Cash Taff Kampala - SACL"
"3969","1341","Cash Taff Mbale - SACL","asset","Cash","false","1300","Cash Taff Mbale - SACL"
"3970","1342","Cash Tambo GT - SACL","asset","Cash","false","1300","Cash Tambo GT - SACL"
"3971","1343","Cash Teso RS - SACL","asset","Cash","false","1300","Cash Teso RS - SACL"
"4028","1344","Home Office(Wife) - SACL","asset","Cash","false","1300","Home Office(Wife) - SACL"
"4062","1345","Mobile Money Float - SACL","asset","Cash","false","1300","Mobile Money Float - SACL"
"4070","1346","MTN MOBILE MONEY - SACL","asset","Cash","false","1300","MTN MOBILE MONEY - SACL"
"4075","1347","NSP2026 - SACL","asset","Cash","false","1300","NSP2026 - SACL"
"4085","1348","P2021 - SACL","asset","Cash","false","1300","P2021 - SACL"
"4089","1349","Petty Cash - SACL","asset","Cash","false","1300","Petty Cash - SACL"
"3914","1400","Bank Accounts - SACL","asset","Bank","true","1090","Bank Accounts - SACL"
"3915","1401","Airtel Money 0702-436427 - SACL","asset","Bank","false","1400","Airtel Money 0702-436427 - SACL"
"3972","1402","Centenary Bank(Kagabu Isa) UGX 3100080256 - SACL","asset","Bank","false","1400","Centenary Bank(Kagabu Isa) UGX 3100080256 - SACL"
"3973","1403","Centenary Bank(KAGABU ISA) UGX 4220029288 - SACL","asset","Bank","false","1400","Centenary Bank(KAGABU ISA) UGX 4220029288 - SACL"
"4013","1404","Equity Bank(Kagabu Isa) UGX 1021100645946 - SACL","asset","Bank","false","1400","Equity Bank(Kagabu Isa) UGX 1021100645946 - SACL"
"4044","1405","KCB(Kagabu Isa) UGX 2200595662- SACL - SACL","asset","Bank","false","1400","KCB(Kagabu Isa) UGX 2200595662- SACL - SACL"
"4071","1406","MTN Momo 0785-578484 - SACL","asset","Bank","false","1400","MTN Momo 0785-578484 - SACL"
"4091","1407","Post Bank(KAGABU ISA) UGX 1030025003311 - SACL","asset","Bank","false","1400","Post Bank(KAGABU ISA) UGX 1030025003311 - SACL"
"4108","1408","Stanbic (SUPERTEX APA CO. LTD) UGX 9030010000695 - SACL","asset","Bank","false","1400","Stanbic (SUPERTEX APA CO. LTD) UGX 9030010000695 - SACL"
"4109","1409","Stanbic Bank(KAGABU ISA) ACCCPU UGX 9030019964638 - SACL","asset","Bank","false","1400","Stanbic Bank(KAGABU ISA) ACCCPU UGX 9030019964638 - SACL"
"4110","1410","Stanbic Bank(KAGABU ISA) MACKAYOFF UGX 9030019959294 - SACL","asset","Bank","false","1400","Stanbic Bank(KAGABU ISA) MACKAYOFF UGX 9030019959294 - SACL"
"4111","1411","Stanbic Bank(KAGABU ISA) MOBTWO UGX 9030019959162 - SACL","asset","Bank","false","1400","Stanbic Bank(KAGABU ISA) MOBTWO UGX 9030019959162 - SACL"
"4112","1412","Stanbic Bank(KAGABU ISA) MOBWEST UGX 9030019958921 - SACL","asset","Bank","false","1400","Stanbic Bank(KAGABU ISA) MOBWEST UGX 9030019958921 - SACL"
"4113","1413","Stanbic Bank(KAGABU ISA) UGX 8850 - SACL","asset","Bank","false","1400","Stanbic Bank(KAGABU ISA) UGX 8850 - SACL"
"4114","1414","Stanbic Bank(KAGABU ISA) USD 9030009450385 - SACL","asset","Bank","false","1400","Stanbic Bank(KAGABU ISA) USD 9030009450385 - SACL"
"4115","1415","Stanbic Bank(KAGABU ISA) USD 930014867111 - SACL","asset","Bank","false","1400","Stanbic Bank(KAGABU ISA) USD 930014867111 - SACL"
"4116","1416","Stanbic(AKELLO S. JUDITH) UGX 9030010235188 - SACL","asset","Bank","false","1400","Stanbic(AKELLO S. JUDITH) UGX 9030010235188 - SACL"
"4117","1417","Stanbic(BUSINGYE SALAMA) UGX 9030012623959 - SACL","asset","Bank","false","1400","Stanbic(BUSINGYE SALAMA) UGX 9030012623959 - SACL"
"4118","1418","Stanbic(KAGABU ISA) UGX 9030003231207 - SACL","asset","Bank","false","1400","Stanbic(KAGABU ISA) UGX 9030003231207 - SACL"
"4119","1419","Stanbic(NYAPENDI JOYCE ROBINAH) 9030019767611 - SACL","asset","Bank","false","1400","Stanbic(NYAPENDI JOYCE ROBINAH) 9030019767611 - SACL"
"4120","1420","Stanbic(Zawedde Shinaz) UGX 9030015210000 - SACL","asset","Bank","false","1400","Stanbic(Zawedde Shinaz) UGX 9030015210000 - SACL"
"4149","1421","Trust Investment Development(TID) - SACL","asset","Bank","false","1400","Trust Investment Development(TID) - SACL"
"3931","1500","Loans and Advances (Assets) - SACL","asset","","true","1090","Loans and Advances (Assets) - SACL"
"3932","1501","Cash Audit - SACL","asset","Cash","false","1500","Cash Audit - SACL"
"4008","1502","Employee Cash Advance - SACL","asset","Receivable","false","1500","Employee Cash Advance - SACL"
"4009","1503","Employee Loan - SACL","asset","Receivable","false","1500","Employee Loan - SACL"
"4010","1504","Employee Loss Recoverable - SACL","asset","Receivable","false","1500","Employee Loss Recoverable - SACL"
"3998","1600","Prepayments - SACL","asset","","true","1090","Prepayments - SACL"
"3999","1601","Direct Transfers - SACL","asset","Temporary","false","1600","Direct Transfers - SACL"
"4092","1602","Prepaid Insurance - SACL","asset","","false","1600","Prepaid Insurance - SACL"
"4094","1603","Prepaid Rent - SACL","asset","Temporary","false","1600","Prepaid Rent - SACL"
"4005","1700","Securities and Deposits - SACL","asset","","true","1090","Securities and Deposits - SACL"
"4006","1701","Earnest Money - SACL","asset","","false","1700","Earnest Money - SACL"
"4133","1800","Tax Assets - SACL","asset","","true","1090","Tax Assets - SACL"
"3977","1900","Fixed Assets - SACL","asset","","true","1000","Fixed Assets - SACL"
"3978","1901","Computers And All Electronics - SACL","asset","Fixed Asset","false","1900","Computers And All Electronics - SACL"
"4020","1902","Furniture and Fixtures - SACL","asset","Fixed Asset","false","1900","Furniture and Fixtures - SACL"
"4046","1903","Land - SACL","asset","Fixed Asset","false","1900","Land - SACL"
"4077","1904","Office Equipment - SACL","asset","Fixed Asset","false","1900","Office Equipment - SACL"
"4090","1905","Plant and Machinery - SACL","asset","Fixed Asset","false","1900","Plant and Machinery - SACL"
"4156","1906","Vehicles - SACL","asset","Fixed Asset","false","1900","Vehicles - SACL"
"3907","2000","Source of Funds (Liabilities) - SACL","liability","","true","","Source of Funds (Liabilities) - SACL"
"3908","2090","Current Liabilities - SACL","liability","","true","2000","Current Liabilities - SACL"
"3995","2091","Deferred Revenue - SACL","liability","","false","2090","Deferred Revenue - SACL"
"7","2100","Accounts Payable","liability","Payable","false","",""
"3909","2101","Accounts Payable - SACL","liability","","true","2090","Accounts Payable - SACL"
"3976","2102","Commission Payable - SACL","liability","Payable","false","2101","Commission Payable - SACL"
"3986","2103","Creditors - SACL","liability","Payable","false","2101","Creditors - SACL"
"4098","2104","Salary Payable - SACL","liability","Payable","false","2101","Salary Payable - SACL"
"8","2200","Tax Payable","liability","Tax","false","",""
"4004","2201","Duties and Taxes - SACL","liability","Tax","true","2090","Duties and Taxes - SACL"
"4032","2202","Income Tax(30%) - SACL","liability","Tax","false","2201","Income Tax(30%) - SACL"
"4153","2203","VAT Payable(18%) - SACL","liability","","false","2201","VAT Payable(18%) - SACL"
"3921","2300","Loans (Liabilities) - SACL","liability","","true","2090","Loans (Liabilities) - SACL"
"3922","2301","Bank Overdraft Account - SACL","liability","","false","2300","Bank Overdraft Account - SACL"
"4101","2302","Secured Loans - SACL","liability","","false","2300","Secured Loans - SACL"
"4152","2303","Unsecured Loans - SACL","liability","","false","2300","Unsecured Loans - SACL"
"4123","2400","Stock Liabilities - SACL","liability","","true","2090","Stock Liabilities - SACL"
"4124","2401","Stock Received But Not Billed - SACL","liability","Stock Received But Not Billed","false","2400","Stock Received But Not Billed - SACL"
"9","3000","Opening Equity","equity","Equity","false","",""
"4002","3100","Equity - SACL","equity","","true","","Equity - SACL"
"4003","3101","Dividends Paid - SACL","equity","Equity","false","3100","Dividends Paid - SACL"
"4014","3102","Equity Recoveries - SACL","equity","Equity","false","3100","Equity Recoveries - SACL"
"4082","3103","Opening Balance Equity - SACL","equity","Equity","false","3100","Opening Balance Equity - SACL"
"4096","3104","Retained Earnings - SACL","equity","Equity","false","3100","Retained Earnings - SACL"
"4103","3105","Shareholder Drawings - SACL","equity","Equity","false","3100","Shareholder Drawings - SACL"
"10","4000","Sales Income","income","Income Account","false","",""
"13","4100","Stock Adjustment Gain","income","Stock Adjustment","false","",""
"3997","4200","Direct Income - SACL","income","Income Account","true","4900","Direct Income - SACL"
"4001","4201","Discount Received - SACL","income","Income Account","false","4200","Discount Received - SACL"
"4099","4202","Sales - SACL","income","Income Account","false","4200","Sales - SACL"
"3990","4300","Indirect Income - SACL","income","Income Account","true","4900","Indirect Income - SACL"
"3991","4301","Deduction - Absent - SACL","income","Income Account","false","4300","Deduction - Absent - SACL"
"3992","4302","Deduction - Early Departure - SACL","income","Income Account","false","4300","Deduction - Early Departure - SACL"
"3993","4303","Deduction - Late Arrival - SACL","income","Income Account","false","4300","Deduction - Late Arrival - SACL"
"3994","4304","Deduction - Mispricing - SACL","income","Income Account","false","4300","Deduction - Mispricing - SACL"
"4084","4305","Other Income - SACL","income","Income Account","false","4300","Other Income - SACL"
"3989","4900","Income - SACL","income","","true","","Income - SACL"
"11","5000","Cost of Goods Sold","expense","Cost of Goods Sold","false","",""
"3983","5001","Stock Expenses - SACL","expense","Expense Account","true","5050","Stock Expenses - SACL"
"3984","5002","Cost of Goods Sold - SACL","expense","Expense Account","false","5001","Cost of Goods Sold - SACL"
"4015","5003","Expenses Included In Valuation - SACL","expense","Expenses Included In Valuation","false","5001","Expenses Included In Valuation - SACL"
"4122","5004","Stock Adjustment - SACL","expense","Stock Adjustment","false","5001","Stock Adjustment - SACL"
"4125","5005","Stock Shrink - SACL","expense","Stock Adjustment","false","5001","Stock Shrink - SACL"
"405","5040","Inventory Shrinkage","expense","Expense Account","false","",""
"3982","5050","Direct Expenses - SACL","expense","Expense Account","true","5900","Direct Expenses - SACL"
"4000","5051","Discount Given - SACL","expense","Expense Account","false","5050","Discount Given - SACL"
"12","5100","Stock Adjustment Loss","expense","Stock Adjustment","false","",""
"3904","5200","Indirect Expenses - SACL","expense","Expense Account","true","5900","Indirect Expenses - SACL"
"3905","5201","Accomodation Expense - SACL","expense","Expense Account","false","5200","Accomodation Expense - SACL"
"3906","5202","Accounting and Audit Fees - SACL","expense","Expense Account","false","5200","Accounting and Audit Fees - SACL"
"3911","5203","Administrative Expenses - SACL","expense","Expense Account","false","5200","Administrative Expenses - SACL"
"3916","5204","Airtime Calling - SACL","expense","Expense Account","false","5200","Airtime Calling - SACL"
"3917","5205","Airtime Internet - SACL","expense","Expense Account","false","5200","Airtime Internet - SACL"
"3923","5206","Bank Service Charges - SACL","expense","Expense Account","false","5200","Bank Service Charges - SACL"
"3974","5207","Clearing and Forwarding MBSA/KLA - SACL","expense","Expense Account","false","5200","Clearing and Forwarding MBSA/KLA - SACL"
"3975","5208","Commission Expense - SACL","expense","Expense Account","false","5200","Commission Expense - SACL"
"3979","5209","Computing Services - SACL","expense","Expense Account","false","5200","Computing Services - SACL"
"3996","5210","Depreciation - SACL","expense","Expense Account","false","5200","Depreciation - SACL"
"4007","5211","Electricity Expense - SACL","expense","Expense Account","false","5200","Electricity Expense - SACL"
"4011","5212","Employee welfare - SACL - SACL","expense","Expense Account","false","5200","Employee welfare - SACL - SACL"
"4012","5213","Entertainment Expenses - SACL","expense","Expense Account","false","5200","Entertainment Expenses - SACL"
"4017","5214","Field Audit Expenses - SACL","expense","Expense Account","false","5200","Field Audit Expenses - SACL"
"4018","5215","Freight Expenses - SACL","expense","Expense Account","false","5200","Freight Expenses - SACL"
"4023","5216","Garbage Collection - SACL","expense","Expense Account","false","5200","Garbage Collection - SACL"
"4029","5217","Imports FOREX Charges - SACL","expense","Expense Account","false","5200","Imports FOREX Charges - SACL"
"4030","5218","Imports Handling Expenses - SACL","expense","Expense Account","false","5200","Imports Handling Expenses - SACL"
"4031","5219","Income Tax - SACL","expense","Expense Account","false","5200","Income Tax - SACL"
"4041","5220","Item Refund - SACL","expense","Expense Account","false","5200","Item Refund - SACL"
"4043","5221","Kagabu Isa - SACL","expense","Expense Account","false","5200","Kagabu Isa - SACL"
"4047","5222","Legal Expenses - SACL","expense","Expense Account","false","5200","Legal Expenses - SACL"
"4048","5223","License and Permits - SACL","expense","Expense Account","false","5200","License and Permits - SACL"
"4049","5224","Loading, Offloading & Packing Expenses - SACL","expense","Expense Account","false","5200","Loading, Offloading & Packing Expenses - SACL"
"4050","5225","Local Service Tax - SACL","expense","Expense Account","false","5200","Local Service Tax - SACL"
"4055","5226","Marketing & Adverising Expenses - SACL","expense","Expense Account","false","5200","Marketing & Adverising Expenses - SACL"
"4059","5227","Miscellaneous Expenses - SACL","expense","Expense Account","false","5200","Miscellaneous Expenses - SACL"
"4067","5228","Motor Vehicle Expenses - SACL","expense","Expense Account","false","5200","Motor Vehicle Expenses - SACL"
"4076","5229","NWSC - Water Expenses - SACL","expense","Expense Account","false","5200","NWSC - Water Expenses - SACL"
"4078","5230","Office Expenses - SACL","expense","Expense Account","false","5200","Office Expenses - SACL"
"4086","5231","Packaging Material Expense - SACL","expense","Expense Account","false","5200","Packaging Material Expense - SACL"
"4087","5232","Parking Fees - SACL","expense","Expense Account","false","5200","Parking Fees - SACL"
"4088","5233","PAYE Expense - SACL","expense","Expense Account","false","5200","PAYE Expense - SACL"
"4093","5234","Prepaid Purchases - SACL. - SACL","expense","Expense Account","false","5200","Prepaid Purchases - SACL. - SACL"
"4095","5235","Rent - SACL","expense","Expense Account","false","5200","Rent - SACL"
"4097","5236","Salary - SACL","expense","Expense Account","false","5200","Salary - SACL"
"4100","5237","Sales Expenses - SACL","expense","Expense Account","false","5200","Sales Expenses - SACL"
"4102","5238","Security Expenses - SACL","expense","Expense Account","false","5200","Security Expenses - SACL"
"4104","5239","Shop Customer Freight - SACL","expense","Expense Account","false","5200","Shop Customer Freight - SACL"
"4107","5240","Staff Meals and Refreshments - SACL","expense","Expense Account","false","5200","Staff Meals and Refreshments - SACL"
"4121","5241","Stationery Expense - SACL","expense","Expense Account","false","5200","Stationery Expense - SACL"
"4134","5242","Tax Consultancy Fees - SACL","expense","Expense Account","false","5200","Tax Consultancy Fees - SACL"
"4136","5243","Temporary expense - SACL","expense","Expense Account","false","5200","Temporary expense - SACL"
"4139","5244","Top Up - SACL","expense","Round Off","false","5200","Top Up - SACL"
"4142","5245","Transport Expense - SACL","expense","Expense Account","false","5200","Transport Expense - SACL"
"4143","5246","Travel Expenses - SACL","expense","Expense Account","false","5200","Travel Expenses - SACL"
"4145","5247","Tri-Cycle UEG-161Q - SACL","expense","Expense Account","false","5200","Tri-Cycle UEG-161Q - SACL"
"4146","5248","Tri-Cycle UEM-234Y - SACL","expense","Expense Account","false","5200","Tri-Cycle UEM-234Y - SACL"
"4150","5249","UAT-939Y Premio - SACL","expense","Expense Account","false","5200","UAT-939Y Premio - SACL"
"4151","5250","UAU-615A Noah - SACL","expense","Expense Account","false","5200","UAU-615A Noah - SACL"
"4154","5251","VAT Payments - SACL","expense","Expense Account","false","5200","VAT Payments - SACL"
"4155","5252","Vehicle Hire - SACL","expense","Expense Account","false","5200","Vehicle Hire - SACL"
"4157","5253","Wages Expenses - SACL","expense","Expense Account","false","5200","Wages Expenses - SACL"
"66","5300","Marketing Expense","expense","Expense Account","false","",""
"4019","5301","Fuel Expense - SACL","expense","","true","5200","Fuel Expense - SACL"
"4068","5302","Motor Vehicle Fuel - SACL","expense","Expense Account","false","5301","Motor Vehicle Fuel - SACL"
"4147","5303","TriCycle Fuel - SACL","expense","Expense Account","false","5301","TriCycle Fuel - SACL"
"4033","5400","Insurance - SACL","expense","","true","5200","Insurance - SACL"
"4034","5401","Insurance - AAR HEALTH - SACL - SACL","expense","Expense Account","false","5400","Insurance - AAR HEALTH - SACL - SACL"
"4035","5402","Insurance All Risks - SACL","expense","Expense Account","false","5400","Insurance All Risks - SACL"
"4036","5403","Insurance Fire & Burglary - SACL","expense","Expense Account","false","5400","Insurance Fire & Burglary - SACL"
"4037","5404","Insurance Goods in Transit - SACL","expense","Expense Account","false","5400","Insurance Goods in Transit - SACL"
"4038","5405","Insurance Marine Cargo - SACL","expense","Expense Account","false","5400","Insurance Marine Cargo - SACL"
"4039","5406","Insurance Motor Comprehensive & 3rd Party - SACL","expense","Expense Account","false","5400","Insurance Motor Comprehensive & 3rd Party - SACL"
"4040","5407","Insurance Travel cover - SACL","expense","Expense Account","false","5400","Insurance Travel cover - SACL"
"4053","5500","Maintenance & Repairs - SACL","expense","","true","5200","Maintenance & Repairs - SACL"
"4054","5501","Maintenance & Repairs Computers And All Electronics - SACL - SACL","expense","","false","5500","Maintenance & Repairs Computers And All Electronics - SACL - SACL"
"4069","5502","Motor Vehicle Maintenance & Repairs - SACL","expense","Expense Account","false","5500","Motor Vehicle Maintenance & Repairs - SACL"
"4144","5503","Tri-Cycle fuel UFL 809L - SACL","expense","Cash","false","5500","Tri-Cycle fuel UFL 809L - SACL"
"4148","5504","TriCycle Maintenance & Repairs - SACL","expense","Expense Account","false","5500","TriCycle Maintenance & Repairs - SACL"
"4159","5505","Withholding Tax - SACL","expense","Chargeable","false","5500","Withholding Tax - SACL"
"3903","5900","Expenses - SACL","expense","","true","","Expenses - SACL"
