item_code,item_name,warehouse,actual_qty,projected_qty,ordered_qty,reserved_qty,stock_value,valuation_rate
BATTERY BREATHER,BATTERY BREATHER,CPU Stores WHse - SACL,12000,12000,0,0,6000000,500
BATTERY TAFF 12N9 DRY,BATTERY TAFF 12N9 DRY,CPU Stores WHse - SACL,120,120,0,0,5160000,43000
BATTERY TAFF YB6.5 12V6.5AH WET CG125,BATTERY TAFF YB6.5 12V6.5AH WET CG125,CPU Stores WHse - SACL,1587,1587,0,0,52959446,33370.79
BATTERY VBT 12N7-4BS 12V 7Ah @20Hr DRY APP:UPS/SOLAR,BATTERY VBT 12N7-4BS 12V 7Ah @20Hr DRY APP:UPS/SOLAR,CPU Stores WHse - SACL,60,60,0,0,1980000,33000
BATTERY VBT YB2.5 ACID,BATTERY VBT YB2.5 ACID,CPU Stores WHse - SACL,590,590,0,0,13279330,22507.34
BEARING 6002,BEARING 6002,CPU Stores WHse - SACL,270,270,0,0,324000,1200
BEARING 6004,BEARING 6004,CPU Stores WHse - SACL,21550,21550,0,0,28481512,1321.65
BEARING 6200,BEARING 6200,CPU Stores WHse - SACL,1430,1430,0,0,1573000,1100
BEARING 6201,BEARING 6201,CPU Stores WHse - SACL,1100,1100,0,0,1210000,1100
BEARING 6202,BEARING 6202,CPU Stores WHse - SACL,12360,12360,0,0,14832000,1200
BEARING 6203,BEARING 6203,CPU Stores WHse - SACL,230,230,0,0,322000,1400
BEARING 6204,BEARING 6204,CPU Stores WHse - SACL,80,80,0,0,160000,2000
BEARING 6205,BEARING 6205,CPU Stores WHse - SACL,130,130,0,0,325000,2500
BEARING 628,BEARING 628,CPU Stores WHse - SACL,28340,28340,0,0,24089000,850
BEARING 6300,BEARING 6300,CPU Stores WHse - SACL,16620,16620,0,0,22370688,1346.01
BEARING 6301,BEARING 6301,CPU Stores WHse - SACL,19770,19770,0,0,24930000,1261
BEARING 6302,BEARING 6302,CPU Stores WHse - SACL,5610,5610,0,0,7854000,1400
BEARING 6328,BEARING 6328,CPU Stores WHse - SACL,274,274,0,0,1370000,5000
BLOCK GASKET METALIC-BM100,BLOCK GASKET METALIC-BM100,CPU Stores WHse - SACL,875,875,0,0,875000,1000
BRAKE ARM-BM100,BRAKE ARM-BM100,CPU Stores WHse - SACL,210,210,0,0,594000,2828.57
BRAKE LEVER -HJ125,BRAKE LEVER -HJ125,CPU Stores WHse - SACL,1575,1575,0,0,2745610,1743.24
BRAKE PEDAL-BM100,BRAKE PEDAL-BM100,CPU Stores WHse - SACL,1300,1550,250,0,7150000,5500
BRAKE PEDAL-GN125,BRAKE PEDAL-GN125,CPU Stores WHse - SACL,14,14,0,0,70000,5000
BRAKE ROD-BM100,BRAKE ROD-BM100,CPU Stores WHse - SACL,1450,1450,0,0,1740000,1200
BRAKE SHOE FKW TAFF-BM100,BRAKE SHOE FKW TAFF-BM100,CPU Stores WHse - SACL,1,1,0,0,4300,4300
BRAKE SHOE FR(Works TVS Star)-BM100,BRAKE SHOE FR(Works TVS Star)-BM100,CPU Stores WHse - SACL,40,40,0,0,108000,2700
BRAKE SHOE PACKAGE BOX TAFF-BM100,BRAKE SHOE PACKAGE BOX TAFF-BM100,CPU Stores WHse - SACL,483,483,0,0,96600,200
BRAKE SHOE PACKAGE BOX TAFF-CG125,BRAKE SHOE PACKAGE BOX TAFF-CG125,CPU Stores WHse - SACL,623,623,0,0,124600,200
BRAKE SHOE TAFF(BLACK)-BM100,BRAKE SHOE TAFF(BLACK)-BM100,CPU Stores WHse - SACL,1380,1380,0,0,5244000,3800
BRAKE SHOE TAFF(BLACK)-CG125,BRAKE SHOE TAFF(BLACK)-CG125,CPU Stores WHse - SACL,220,220,0,0,660000,3000
BRAKE SHOE TAFF(RED)-BM100,BRAKE SHOE TAFF(RED)-BM100,CPU Stores WHse - SACL,20,20,0,0,100000,5000
BRAKE SHOE TITAN-CG125,BRAKE SHOE TITAN-CG125,CPU Stores WHse - SACL,442,442,0,0,1414420,3200.05
BRAKE SHOE WY150 KAKI,BRAKE SHOE WY150 KAKI,CPU Stores WHse - SACL,2,2,0,0,7600,3800
BRAKE SPRING-BM100,BRAKE SPRING-BM100,CPU Stores WHse - SACL,450,450,0,0,225000,500
BRAKE SPRING-CG125,BRAKE SPRING-CG125,CPU Stores WHse - SACL,800,800,0,0,240400,300.5
BULB HEADLAMP S25 12V35/35W,BULB HEADLAMP S25 12V35/35W,CPU Stores WHse - SACL,190081,190081,0,0,128394980,675.48
BULB HEADLAMP SPORT XENON-HID,BULB HEADLAMP SPORT XENON-HID,CPU Stores WHse - SACL,18000,18000,0,0,21600000,1200
BULB HEADLAMP SPORT XENON-HID H4,BULB HEADLAMP SPORT XENON-HID H4,CPU Stores WHse - SACL,4200,4200,0,0,5043500,1200.83
BULB HOLDER -STAR,BULB HOLDER -STAR,CPU Stores WHse - SACL,150,150,0,0,450000,3000
BULB INDICATOR G18 12V10W,BULB INDICATOR G18 12V10W,CPU Stores WHse - SACL,97500,97500,0,0,14776000,151.55
BULD SPEEDOMETER,BULD SPEEDOMETER,CPU Stores WHse - SACL,1800,1800,0,0,270000,150
CABLE ACCELERATOR TAFF SINGLE-BM100,CABLE ACCELERATOR TAFF SINGLE-BM100,CPU Stores WHse - SACL,65,65,0,0,143000,2200
CABLE ACCELERATOR TAFF-BM100,CABLE ACCELERATOR TAFF-BM100,CPU Stores WHse - SACL,27355,27355,0,0,62916500,2300
CABLE BRAKE TAFF-BM100,CABLE BRAKE TAFF-BM100,CPU Stores WHse - SACL,4685,4685,0,0,10775500,2300
CABLE CLUTCH TAFF-BM100,CABLE CLUTCH TAFF-BM100,CPU Stores WHse - SACL,5502,5502,0,0,12654600,2300
CABLE CLUTCH TAFF-CG125,CABLE CLUTCH TAFF-CG125,CPU Stores WHse - SACL,3830,3830,0,0,9073200,2368.98
CABLE CLUTCH TAFF-HJ125,CABLE CLUTCH TAFF-HJ125,CPU Stores WHse - SACL,200,200,0,0,440000,2200
CABLE SPEEDOMETER TAFF-BM100,CABLE SPEEDOMETER TAFF-BM100,CPU Stores WHse - SACL,1005,1005,0,0,2311500,2300
CAM CHAIN TAFF-BM100,CAM CHAIN TAFF-BM100,CPU Stores WHse - SACL,4000,4000,0,0,11200270,2800.07
CARBURETOR ASSY-BM100,CARBURETOR ASSY-BM100,CPU Stores WHse - SACL,1009,1009,0,0,20180000,20000
CARBURETOR KIT-BM100,CARBURETOR KIT-BM100,CPU Stores WHse - SACL,430,430,0,0,1290000,3000
CARRIER HEAVY DUTY N/M-BM100,CARRIER HEAVY DUTY N/M-BM100,CPU Stores WHse - SACL,399,399,0,0,17157000,43000
CASH SALES RECEIPT BOOK,CASH SALES RECEIPT BOOK,CPU Stores WHse - SACL,1,1,0,0,3000,3000
CC 2.50-17 SQ/FR -TYRE,CC 2.50-17 SQ/FR -TYRE,CPU Stores WHse - SACL,30,30,0,0,1050000,35000
CC 2.50-17- TUBES,CC 2.50-17- TUBES,CPU Stores WHse - SACL,45,45,0,0,202500,4500
CC 2.50-18 F/S FR-TYRE,CC 2.50-18 F/S FR-TYRE,CPU Stores WHse - SACL,80,80,0,0,2160000,27000
CC 2.75-17 F/B FR/BL-TYRE,CC 2.75-17 F/B FR/BL-TYRE,CPU Stores WHse - SACL,10,10,0,0,290000,29000
CC 2.75-18 SQ-TYRE,CC 2.75-18 SQ-TYRE,CPU Stores WHse - SACL,10,10,0,0,405000,40500
CC 2.75-21-TUBES,CC 2.75-21-TUBES,CPU Stores WHse - SACL,10,10,0,0,62000,6200
CC 3.00-17 FLAT F120-TYRE,CC 3.00-17 FLAT F120-TYRE,CPU Stores WHse - SACL,5,5,0,0,230000,46000
CC 3.00-18 FLAT F120-TYRES,CC 3.00-18 FLAT F120-TYRES,CPU Stores WHse - SACL,10,10,0,0,500000,50000
CC 3.00-18 SQ-TYRE,CC 3.00-18 SQ-TYRE,CPU Stores WHse - SACL,15,15,0,0,735000,49000
CC DOUBLE LIFE 3.00/17 NYLOGRIP M123-TYRE,CC DOUBLE LIFE 3.00/17 NYLOGRIP M123-TYRE,CPU Stores WHse - SACL,30,30,0,0,2025000,67500
CELLOTAPE BLACK,CELLOTAPE BLACK,CPU Stores WHse - SACL,15579,15579,0,0,8568288,549.99
CELLOTAPE BLUE,CELLOTAPE BLUE,CPU Stores WHse - SACL,4430,4430,0,0,2436500,550
CELLOTAPE GREEN,CELLOTAPE GREEN,CPU Stores WHse - SACL,4460,4460,0,0,2453750,550.17
CELLOTAPE ORANGE,CELLOTAPE ORANGE,CPU Stores WHse - SACL,300,300,0,0,180000,600
CELLOTAPE RED,CELLOTAPE RED,CPU Stores WHse - SACL,5140,5140,0,0,2839900,552.51
CELLOTAPE YELLOW,CELLOTAPE YELLOW,CPU Stores WHse - SACL,4160,4160,0,0,2288000,550
CENTER BOLT-BM100,CENTER BOLT-BM100,CPU Stores WHse - SACL,155,155,0,0,310000,2000
CHAIN 428HS/102L (TAFF) CG125,CHAIN 428HS/102L (TAFF) CG125,CPU Stores WHse - SACL,250,1000,750,0,2375000,9500
CHAIN ADJUSTER-BM100,CHAIN ADJUSTER-BM100,CPU Stores WHse - SACL,869,869,0,0,521400,600
CHAIN BOX RUBBER-BM100,CHAIN BOX RUBBER-BM100,CPU Stores WHse - SACL,2000,2000,0,0,1000000,500
CHAIN CASE 0.6MM WITH RUBBER & NUTS(4)-BM100,CHAIN CASE 0.6MM WITH RUBBER & NUTS(4)-BM100,CPU Stores WHse - SACL,420,420,0,0,8020000,19095.24
CHAIN SET 428-45T 428-14T 428H/116L-HLX125,CHAIN SET 428-45T 428-14T 428H/116L-HLX125,CPU Stores WHse - SACL,160,160,0,0,4640000,29000
CHAIN SET EXTRA TAFF(428H/112L 13T/42T)-BM100,CHAIN SET EXTRA TAFF(428H/112L 13T/42T)-BM100,CPU Stores WHse - SACL,60,60,0,0,1414560,23576
Chain Set Taff Inner Box,Chain Set Taff Inner Box,CPU Stores WHse - SACL,233,233,0,0,521955,2240.15
Chain Set Taff Outer Box,Chain Set Taff Outer Box,CPU Stores WHse - SACL,327,327,0,0,768450,2350
CHAIN SET TAFF(428H/102L 15T/38T)-CG125,CHAIN SET TAFF(428H/102L 15T/38T)-CG125,CPU Stores WHse - SACL,50,50,0,0,1100000,22000
CHAIN SET TAFF(428H/112L 13T/42T) BLACK-BM100,CHAIN SET TAFF(428H/112L 13T/42T) BLACK-BM100,CPU Stores WHse - SACL,50,50,0,0,1250000,25000
CHAIN TAFF 428H/120L,CHAIN TAFF 428H/120L,CPU Stores WHse - SACL,895,895,0,0,9397500,10500
CHAIN TAFF 428HS/112L,CHAIN TAFF 428HS/112L,CPU Stores WHse - SACL,1980,1980,0,0,17518782,8847.87
Chain Taff Inner Box,Chain Taff Inner Box,CPU Stores WHse - SACL,2421,2421,0,0,3486421,1440.07
Chain Taff Outer Box,Chain Taff Outer Box,CPU Stores WHse - SACL,522,522,0,0,953324,1826.29
"CHAIN, TAFF, 428HS/116L,HLX125","CHAIN, TAFF, 428HS/116L,HLX125",CPU Stores WHse - SACL,1375,1375,0,0,13002025,9456.02
CLUTCH COVER-CG125,CLUTCH COVER-CG125,CPU Stores WHse - SACL,2,2,0,0,50000,25000
CLUTCH DISK COMP-BM100,CLUTCH DISK COMP-BM100,CPU Stores WHse - SACL,1003,1003,0,0,16189000,16140.58
CLUTCH DISK-BM100,CLUTCH DISK-BM100,CPU Stores WHse - SACL,1720,1720,0,0,15480000,9000
CLUTCH LEVER -HJ125,CLUTCH LEVER -HJ125,CPU Stores WHse - SACL,1571,1571,0,0,2739058,1743.51
CLUTCH PLATE GEM-BM100,CLUTCH PLATE GEM-BM100,CPU Stores WHse - SACL,2290,2290,0,0,19465000,8500
CLUTCH PLATE TAFF-BM100,CLUTCH PLATE TAFF-BM100,CPU Stores WHse - SACL,3400,3400,0,0,12920000,3800
CLUTCH PLATE TAFF-CG125,CLUTCH PLATE TAFF-CG125,CPU Stores WHse - SACL,1300,1300,0,0,4550000,3500
CLUTCH PLATE TAFF-HLX125-4PCS,CLUTCH PLATE TAFF-HLX125-4PCS,CPU Stores WHse - SACL,660,660,0,0,2640000,4000
CLUTCH RELEASER CG,CLUTCH RELEASER CG,CPU Stores WHse - SACL,10,10,0,0,22000,2200
CON ROD TAFF-BM100,CON ROD TAFF-BM100,CPU Stores WHse - SACL,1972,1972,0,0,20247260,10267.37
CON ROD TAFF-CG125,CON ROD TAFF-CG125,CPU Stores WHse - SACL,330,330,0,0,3430000,10393.94
CONTROL SWITCH L-BM100,CONTROL SWITCH L-BM100,CPU Stores WHse - SACL,3308,3308,0,0,26464000,8000
CONTROL SWITCH L-CG125,CONTROL SWITCH L-CG125,CPU Stores WHse - SACL,335,335,0,0,1842500,5500
CONTROL SWITCH R-BM100,CONTROL SWITCH R-BM100,CPU Stores WHse - SACL,1000,1000,0,0,8000000,8000
CONTROL SWITCH R-CG125,CONTROL SWITCH R-CG125,CPU Stores WHse - SACL,950,950,0,0,5225000,5500
CONTROL SWITCH(L)-HJ125,CONTROL SWITCH(L)-HJ125,CPU Stores WHse - SACL,680,680,0,0,4080000,6000
CRASH GUARD-BM100,CRASH GUARD-BM100,CPU Stores WHse - SACL,420,420,0,0,5670000,13500
"CRASH GUARD, TAFF, 1800G, TVS MAX","CRASH GUARD, TAFF, 1800G, TVS MAX",CPU Stores WHse - SACL,300,300,0,0,8520000,28400
CRUMP MIRROR HOLDER L-CG125,CRUMP MIRROR HOLDER L-CG125,CPU Stores WHse - SACL,890,890,0,0,1112500,1250
CRUMP MIRROR HOLDER L-HJ125,CRUMP MIRROR HOLDER L-HJ125,CPU Stores WHse - SACL,600,600,0,0,1050000,1750
CRUMP MIRROR HOLDER R-CG125,CRUMP MIRROR HOLDER R-CG125,CPU Stores WHse - SACL,240,240,0,0,300000,1250
CRUMP MIRROR HOLDER R-HJ125,CRUMP MIRROR HOLDER R-HJ125,CPU Stores WHse - SACL,600,600,0,0,1050000,1750
CYLINDER BLOCK COMPLETE(W/TAPET/ENG VALVE/GASKET/PLUG)-CG125,CYLINDER BLOCK COMPLETE(W/TAPET/ENG VALVE/GASKET/PLUG)-CG125,CPU Stores WHse - SACL,2,2,0,0,90000,45000
CYLINDER HEAD 1/2-CG125,CYLINDER HEAD 1/2-CG125,CPU Stores WHse - SACL,1,1,0,0,50000,50000
EDGE DECORATION(MOULDING) RAINBOW,EDGE DECORATION(MOULDING) RAINBOW,CPU Stores WHse - SACL,4260,4260,0,0,2274840,534
ENGINE VALVE TAFF-BM100,ENGINE VALVE TAFF-BM100,CPU Stores WHse - SACL,4759,4759,0,0,13432940,2822.64
ENGINE VALVE TAFF-CG125,ENGINE VALVE TAFF-CG125,CPU Stores WHse - SACL,990,990,0,0,2950000,2979.8
ENGINE VALVE TITAN-BM100,ENGINE VALVE TITAN-BM100,CPU Stores WHse - SACL,650,650,0,0,2010720,3093.42
EXELLA 16595 85G- RTV SILICONE BIG,EXELLA 16595 85G- RTV SILICONE BIG,CPU Stores WHse - SACL,9,9,0,0,35811,3979
FLASHER UNIT 12V-BM100,FLASHER UNIT 12V-BM100,CPU Stores WHse - SACL,540,540,0,0,1311400,2428.52
FOOTREST RIDER ASSY A-CG125,FOOTREST RIDER ASSY A-CG125,CPU Stores WHse - SACL,1,1,0,0,11000,11000
FOOTREST RIDER ASSY-BM100,FOOTREST RIDER ASSY-BM100,CPU Stores WHse - SACL,105,105,0,0,1365000,13000
FOOTREST RUBBER-BM100,FOOTREST RUBBER-BM100,CPU Stores WHse - SACL,1780,1780,0,0,2225000,1250
FRONT FENDER N/M-BM100,FRONT FENDER N/M-BM100,CPU Stores WHse - SACL,1630,1630,0,0,32684000,20051.53
FUEL TANK COMP RED-CG125,FUEL TANK COMP RED-CG125,CPU Stores WHse - SACL,8,8,0,0,392000,49000
FUEL TANK COVER-BM100,FUEL TANK COVER-BM100,CPU Stores WHse - SACL,4730,4730,0,0,21285000,4500
GEAR LEVER TAFF-BM100,GEAR LEVER TAFF-BM100,CPU Stores WHse - SACL,1400,1500,100,0,4480000,3200
HAND GRIP(ACC)-BM100,HAND GRIP(ACC)-BM100,CPU Stores WHse - SACL,12,12,0,0,15000,1250
HAND GRIP(LEFT)-BM100,HAND GRIP(LEFT)-BM100,CPU Stores WHse - SACL,1608,1608,0,0,2010000,1250
HAND PUMP BIG --700G,HAND PUMP BIG --700G,CPU Stores WHse - SACL,30,30,0,0,144000,4800
HANDLE BAR SUPPORT SILVER,HANDLE BAR SUPPORT SILVER,CPU Stores WHse - SACL,1972,1972,0,0,6902000,3500
HANDLE BAR SUPPORTER - BM100,HANDLE BAR SUPPORTER - BM100,CPU Stores WHse - SACL,80,80,0,0,303840,3798
HANDLE BAR-BM100,HANDLE BAR-BM100,CPU Stores WHse - SACL,1115,1115,0,0,8917000,7997.31
HANDLE LEVER PAIR(LR)-BM100,HANDLE LEVER PAIR(LR)-BM100,CPU Stores WHse - SACL,1149,1149,0,0,2872500,2500
HAOHAN PADLOCK 3048,HAOHAN PADLOCK 3048,CPU Stores WHse - SACL,29,29,0,0,377000,13000
HAOHAN PADLOCK 60BB,HAOHAN PADLOCK 60BB,CPU Stores WHse - SACL,16,16,0,0,304000,19000
HAOHAN PADLOCK 6X80,HAOHAN PADLOCK 6X80,CPU Stores WHse - SACL,44,44,0,0,572000,13000
HAOHAN PADLOCK 70HA,HAOHAN PADLOCK 70HA,CPU Stores WHse - SACL,1,1,0,0,20000,20000
HEAD CASE BM150-BM100,HEAD CASE BM150-BM100,CPU Stores WHse - SACL,6,6,0,0,102000,17000
HEAD CASE OR-BM100,HEAD CASE OR-BM100,CPU Stores WHse - SACL,1000,1000,0,0,3200000,3200
HEADLAMP ASSY NATS-HLX125,HEADLAMP ASSY NATS-HLX125,CPU Stores WHse - SACL,125,125,0,0,1375000,11000
HEADLAMP GLASS-CG125,HEADLAMP GLASS-CG125,CPU Stores WHse - SACL,760,760,0,0,1520000,2000
HEADLAMP HOLDER-BM100,HEADLAMP HOLDER-BM100,CPU Stores WHse - SACL,159,159,0,0,1192500,7500
HORN 12V TAFF,HORN 12V TAFF,CPU Stores WHse - SACL,40,40,0,0,96000,2400
HORN BIG,HORN BIG,CPU Stores WHse - SACL,9,9,0,0,90000,10000
HUB BOLT FR-BM100,HUB BOLT FR-BM100,CPU Stores WHse - SACL,1338,1338,0,0,2676000,2000
HUB BOLT RR-BM100,HUB BOLT RR-BM100,CPU Stores WHse - SACL,1253,1253,0,0,3132500,2500
HUB BUSH-BM100,HUB BUSH-BM100,CPU Stores WHse - SACL,615,615,0,0,1537500,2500
HUB CONE-BM100,HUB CONE-BM100,CPU Stores WHse - SACL,370,370,0,0,814000,2200
HUB COVER RR INCOMP-BM100,HUB COVER RR INCOMP-BM100,CPU Stores WHse - SACL,36,36,0,0,324000,9000
HUB FR-BM100,HUB FR-BM100,CPU Stores WHse - SACL,268,268,0,0,6164000,23000
HUB RR TAFF-CG125,HUB RR TAFF-CG125,CPU Stores WHse - SACL,115,115,0,0,3450000,30000
HUB RR-BM100,HUB RR-BM100,CPU Stores WHse - SACL,618,618,0,0,19158000,31000
INDICATOR ASSY NEW-BM100,INDICATOR ASSY NEW-BM100,CPU Stores WHse - SACL,4592,4592,0,0,10206000,2222.56
INDICATOR ASSY NEW(LED TYPE)-BM100,INDICATOR ASSY NEW(LED TYPE)-BM100,CPU Stores WHse - SACL,504,504,0,0,3276000,6500
INDICATOR ASSY-HLX125,INDICATOR ASSY-HLX125,CPU Stores WHse - SACL,1380,1380,0,0,4830000,3500
INDICTOR ASSY GN-SK125,INDICTOR ASSY GN-SK125,CPU Stores WHse - SACL,23,23,0,0,46000,2000
KICK STARTER ASSY-BM100,KICK STARTER ASSY-BM100,CPU Stores WHse - SACL,12,12,0,0,90000,7500
KICK STARTER ASSY-CG125,KICK STARTER ASSY-CG125,CPU Stores WHse - SACL,35,35,0,0,192500,5500
KICK STARTER SPRING-BM100,KICK STARTER SPRING-BM100,CPU Stores WHse - SACL,270,270,0,0,320000,1185.19
LEG SHIELD BROWN P7,LEG SHIELD BROWN P7,CPU Stores WHse - SACL,35,35,0,0,630000,18000
LOCKING WASHER HAOJUE-XP125,LOCKING WASHER HAOJUE-XP125,CPU Stores WHse - SACL,1000,1000,0,0,1200000,1200
LOCKING WASHER TVS-HLX125,LOCKING WASHER TVS-HLX125,CPU Stores WHse - SACL,1800,1800,0,0,2160000,1200
LOCKING WASHER-BM100,LOCKING WASHER-BM100,CPU Stores WHse - SACL,13025,13025,0,0,15630000,1200
LOCKING WASHER-CG125,LOCKING WASHER-CG125,CPU Stores WHse - SACL,2983,2983,0,0,3579600,1200
MAGNETO COIL SMALL-BM100,MAGNETO COIL SMALL-BM100,CPU Stores WHse - SACL,150,150,0,0,624600,4164
MAGNETO COIL-BM100,MAGNETO COIL-BM100,CPU Stores WHse - SACL,1197,1197,0,0,30023500,25082.29
MAGNETO COIL-CG125,MAGNETO COIL-CG125,CPU Stores WHse - SACL,1100,1100,0,0,17600000,16000
MAGNETO COIL-HJ125,MAGNETO COIL-HJ125,CPU Stores WHse - SACL,3,3,0,0,60000,20000
MAIN SHAFT-BM100,MAIN SHAFT-BM100,CPU Stores WHse - SACL,450,450,0,0,3600000,8000
MAIN SWITCH TAFF-BM100,MAIN SWITCH TAFF-BM100,CPU Stores WHse - SACL,390,390,0,0,1443000,3700
MAIN SWITCH TAFF-CG125,MAIN SWITCH TAFF-CG125,CPU Stores WHse - SACL,3280,3280,0,0,10240000,3121.95
MAIN SWITCH TAFF(N/M)-BM100,MAIN SWITCH TAFF(N/M)-BM100,CPU Stores WHse - SACL,1140,1140,0,0,10830000,9500
MIRROR REAR TAFF SILVER-BM100,MIRROR REAR TAFF SILVER-BM100,CPU Stores WHse - SACL,4060,4060,0,0,21900000,5394.09
MIRROR REAR-HLX125,MIRROR REAR-HLX125,CPU Stores WHse - SACL,800,800,0,0,3640000,4550
MOTORCYCLE UMBRELLA,MOTORCYCLE UMBRELLA,CPU Stores WHse - SACL,808,808,0,0,32320000,40000
MUD FLAP-BM100,MUD FLAP-BM100,CPU Stores WHse - SACL,1050,1050,0,0,1050000,1000
MUD FLAP-HJU125,MUD FLAP-HJU125,CPU Stores WHse - SACL,360,360,0,0,1080000,3000
OVER COAT TAFF,OVER COAT TAFF,CPU Stores WHse - SACL,13,13,0,0,195000,15000
PISTON KIT 0.25 TAFF-BM100,PISTON KIT 0.25 TAFF-BM100,CPU Stores WHse - SACL,1320,1320,0,0,11220070,8500.05
PISTON KIT 0.25 TAFF-CG125,PISTON KIT 0.25 TAFF-CG125,CPU Stores WHse - SACL,880,880,0,0,7480000,8500
PISTON KIT 0.25 YESONG-BM100,PISTON KIT 0.25 YESONG-BM100,CPU Stores WHse - SACL,47,47,0,0,423000,9000
PISTON KIT 0.25+ TAFF-BM100,PISTON KIT 0.25+ TAFF-BM100,CPU Stores WHse - SACL,1080,1080,0,0,9180000,8500
PISTON KIT 0.50 TAFF-BM100,PISTON KIT 0.50 TAFF-BM100,CPU Stores WHse - SACL,450,450,0,0,3825000,8500
PISTON KIT 0.75 TAFF-BM100,PISTON KIT 0.75 TAFF-BM100,CPU Stores WHse - SACL,620,620,0,0,5270000,8500
PISTON KIT 1.00 TAFF-BM100,PISTON KIT 1.00 TAFF-BM100,CPU Stores WHse - SACL,980,980,0,0,8330000,8500
PISTON KIT STD TAFF-BM100,PISTON KIT STD TAFF-BM100,CPU Stores WHse - SACL,1129,1129,0,0,9596500,8500
PISTON KIT STD TAFF-CG125,PISTON KIT STD TAFF-CG125,CPU Stores WHse - SACL,630,630,0,0,5355000,8500
PISTON KIT STD+ TAFF-BM100,PISTON KIT STD+ TAFF-BM100,CPU Stores WHse - SACL,5200,5200,0,0,44200000,8500
PISTON KIT STD+ TAFF-CG125,PISTON KIT STD+ TAFF-CG125,CPU Stores WHse - SACL,1570,1570,0,0,13345000,8500
PISTON KIT STD+ YESONG-BM100,PISTON KIT STD+ YESONG-BM100,CPU Stores WHse - SACL,55,55,0,0,495000,9000
PISTON KIT STD++ TAFF-BM100,PISTON KIT STD++ TAFF-BM100,CPU Stores WHse - SACL,3530,3530,0,0,29981874,8493.45
PISTON KIT STD++ TAFF-CG125,PISTON KIT STD++ TAFF-CG125,CPU Stores WHse - SACL,520,520,0,0,4420000,8500
PISTON KIT STD++ YESONG-BM100,PISTON KIT STD++ YESONG-BM100,CPU Stores WHse - SACL,24,24,0,0,216000,9000
PISTON KIT STD+++ TAFF-BM100,PISTON KIT STD+++ TAFF-BM100,CPU Stores WHse - SACL,1076,1076,0,0,9146000,8500
PLUG CAP,PLUG CAP,CPU Stores WHse - SACL,4000,4000,0,0,4000000,1000
PLUG COIL-BM100,PLUG COIL-BM100,CPU Stores WHse - SACL,20,20,0,0,130000,6500
PLUG COIL-CG125,PLUG COIL-CG125,CPU Stores WHse - SACL,180,180,0,0,990000,5500
PRINTER TONER,PRINTER TONER,CPU Stores WHse - SACL,5,5,0,0,250000,50000
PUMP HAND BIG WITH METER GUAGE 885G,PUMP HAND BIG WITH METER GUAGE 885G,CPU Stores WHse - SACL,50,50,0,0,1000000,20000
RADIO & MP3 PLAYER BIG,RADIO & MP3 PLAYER BIG,CPU Stores WHse - SACL,820,820,0,0,24600000,30000
RADIO & MP3 PLAYER BLUETOOTH HBAR,RADIO & MP3 PLAYER BLUETOOTH HBAR,CPU Stores WHse - SACL,20,20,0,0,600000,30000
REAR FENDER-BM100,REAR FENDER-BM100,CPU Stores WHse - SACL,609,609,0,0,5481000,9000
REGULATOR-BM100,REGULATOR-BM100,CPU Stores WHse - SACL,415,415,0,0,2490000,6000
RINGS 0.25 ROYAL - CG125,RINGS 0.25 ROYAL - CG125,CPU Stores WHse - SACL,1,1,0,0,3000,3000
RINGS 0.25 TAFF-BM100,RINGS 0.25 TAFF-BM100,CPU Stores WHse - SACL,550,550,0,0,1650000,3000
RINGS 0.25-HJ125,RINGS 0.25-HJ125,CPU Stores WHse - SACL,500,500,0,0,2000000,4000
RINGS 0.25+ - BM100,RINGS 0.25+ - BM100,CPU Stores WHse - SACL,12,12,0,0,36000,3000
RINGS 0.50 RKT-CG125,RINGS 0.50 RKT-CG125,CPU Stores WHse - SACL,5,5,0,0,15000,3000
RINGS 0.75 RKT-BM100,RINGS 0.75 RKT-BM100,CPU Stores WHse - SACL,1,1,0,0,3000,3000
RINGS STD TAFF-BM100,RINGS STD TAFF-BM100,CPU Stores WHse - SACL,710,710,0,0,2130000,3000
RINGS STD TAFF-CG125,RINGS STD TAFF-CG125,CPU Stores WHse - SACL,280,280,0,0,840000,3000
RINGS STD+ JINLI - CG125,RINGS STD+ JINLI - CG125,CPU Stores WHse - SACL,1,1,0,0,3000,3000
RINGS STD+ TAFF-BM100,RINGS STD+ TAFF-BM100,CPU Stores WHse - SACL,2900,2900,0,0,8700000,3000
RINGS STD++ TAFF-BM100,RINGS STD++ TAFF-BM100,CPU Stores WHse - SACL,610,610,0,0,1830000,3000
RINGS STD++ TAFF-CG125,RINGS STD++ TAFF-CG125,CPU Stores WHse - SACL,20,20,0,0,60000,3000
RUBBER BOOTS BLACK-BM100,RUBBER BOOTS BLACK-BM100,CPU Stores WHse - SACL,495,495,0,0,1237500,2500
RUBBER BOOTS BLUE-BM100,RUBBER BOOTS BLUE-BM100,CPU Stores WHse - SACL,494,494,0,0,1235000,2500
RUBBER BOOTS GREEN-BM100,RUBBER BOOTS GREEN-BM100,CPU Stores WHse - SACL,478,478,0,0,1195000,2500
RUBBER BOOTS RED-BM100,RUBBER BOOTS RED-BM100,CPU Stores WHse - SACL,505,505,0,0,1262500,2500
RUBBER SOLUTION,RUBBER SOLUTION,CPU Stores WHse - SACL,96,96,0,0,28032,292
SEAT COVER NET-CG125,SEAT COVER NET-CG125,CPU Stores WHse - SACL,105,105,0,0,420000,4000
SHOCK ABSORBER FR-CG125,SHOCK ABSORBER FR-CG125,CPU Stores WHse - SACL,2,2,0,0,130000,65000
SHOCK ABSORBER PIPE FR -BM100,SHOCK ABSORBER PIPE FR -BM100,CPU Stores WHse - SACL,464,464,0,0,7680000,16551.72
SHOCK ABSORBER RR TAFF-BM100,SHOCK ABSORBER RR TAFF-BM100,CPU Stores WHse - SACL,2242,2242,0,0,50420795,22489.2
SIDECAP BLUE L-CG125,SIDECAP BLUE L-CG125,CPU Stores WHse - SACL,38,38,0,0,171000,4500
SIDECAP LOCK-BM100,SIDECAP LOCK-BM100,CPU Stores WHse - SACL,360,360,0,0,792000,2200
SMARTPHONE HOLDER POWERED USB,SMARTPHONE HOLDER POWERED USB,CPU Stores WHse - SACL,594,594,0,0,11880000,20000
SPARK PLUG A7TC(RED) TAFF,SPARK PLUG A7TC(RED) TAFF,CPU Stores WHse - SACL,23270,23270,0,0,22106500,950
SPARK PLUG A7TC(WHITE) TAFF,SPARK PLUG A7TC(WHITE) TAFF,CPU Stores WHse - SACL,25390,25390,0,0,24120500,950
SPARK PLUG BP6ES/F5TC,SPARK PLUG BP6ES/F5TC,CPU Stores WHse - SACL,100,100,0,0,120000,1200
SPARK PLUG BP7HS/E6TC,SPARK PLUG BP7HS/E6TC,CPU Stores WHse - SACL,4260,4260,0,0,5112000,1200
SPARK PLUG CR8E,SPARK PLUG CR8E,CPU Stores WHse - SACL,620,620,0,0,620000,1000
SPARK PLUG D8TC(RED) TAFF,SPARK PLUG D8TC(RED) TAFF,CPU Stores WHse - SACL,62040,62040,0,0,66142000,1066.12
SPEEDOMETER ASSY CASE N/M-BM100,SPEEDOMETER ASSY CASE N/M-BM100,CPU Stores WHse - SACL,25,25,0,0,200000,8000
SPEEDOMETER ASSY N/M-BM100,SPEEDOMETER ASSY N/M-BM100,CPU Stores WHse - SACL,2174,2174,0,0,35096000,16143.51
SPEEDOMETER ASSY-HJ125,SPEEDOMETER ASSY-HJ125,CPU Stores WHse - SACL,1,1,0,0,18000,18000
SPEEDOMETER CASE T4 CG125 ANALOG,SPEEDOMETER CASE T4 CG125 ANALOG,CPU Stores WHse - SACL,180,180,0,0,810000,4500
SPEEDOMETER CASE-HJ125,SPEEDOMETER CASE-HJ125,CPU Stores WHse - SACL,637,637,0,0,3822000,6000
SPRING MAIN STAND-BM100,SPRING MAIN STAND-BM100,CPU Stores WHse - SACL,2400,2400,0,0,960000,400
SPROCKET FR 14T BLACK-BM100,SPROCKET FR 14T BLACK-BM100,CPU Stores WHse - SACL,1309,1309,0,0,2157232,1648
SPROCKET FR 14T-BM100,SPROCKET FR 14T-BM100,CPU Stores WHse - SACL,4577,4577,0,0,6186692,1351.69
SPROCKET FR 14T-HLX125,SPROCKET FR 14T-HLX125,CPU Stores WHse - SACL,35,35,0,0,49000,1400
SPROCKET FR 14T-XP125,SPROCKET FR 14T-XP125,CPU Stores WHse - SACL,5500,5500,0,0,7700000,1400
SPROCKET FR 15T-CG125,SPROCKET FR 15T-CG125,CPU Stores WHse - SACL,1769,1769,0,0,2649959,1498
SPROCKET FR/RR-CG125,SPROCKET FR/RR-CG125,CPU Stores WHse - SACL,200,200,0,0,1500000,7500
SPROCKET FR/RR-HLX125,SPROCKET FR/RR-HLX125,CPU Stores WHse - SACL,80,80,0,0,680000,8500
SPROCKET RR 38T-CG125,SPROCKET RR 38T-CG125,CPU Stores WHse - SACL,1574,1574,0,0,10231000,6500
SPROCKET RR 40T-XP125,SPROCKET RR 40T-XP125,CPU Stores WHse - SACL,2340,2340,0,0,17550000,7500
SPROCKET RR 42T BLACK-BM100,SPROCKET RR 42T BLACK-BM100,CPU Stores WHse - SACL,302,302,0,0,2293992,7596
SPROCKET RR 42T-BM100,SPROCKET RR 42T-BM100,CPU Stores WHse - SACL,7400,7400,0,0,51080000,6902.7
SPROCKET RR 45T-HLX125,SPROCKET RR 45T-HLX125,CPU Stores WHse - SACL,805,805,0,0,6037500,7500
STARTER RELAY-CG125,STARTER RELAY-CG125,CPU Stores WHse - SACL,310,310,0,0,1550000,5000
STEERING CONE SET-BM100,STEERING CONE SET-BM100,CPU Stores WHse - SACL,860,860,0,0,3010000,3500
T-SHIRT TAFF,T-SHIRT TAFF,CPU Stores WHse - SACL,29,29,0,0,261000,9000
TAFF 3.00-17-TUBES,TAFF 3.00-17-TUBES,CPU Stores WHse - SACL,1,1,0,0,5300,5300
TAFF BUTYL 3.00-17-TUBES,TAFF BUTYL 3.00-17-TUBES,CPU Stores WHse - SACL,9401,9401,0,0,68943045,7333.59
TAFF CITYDRIVE TR120 WT 2.75-17 FR/BL A/T TYRE,TAFF CITYDRIVE TR120 WT 2.75-17 FR/BL A/T TYRE,CPU Stores WHse - SACL,40,40,0,0,2000000,50000
TAFF FIRMGRIP TR140 WT 3.00-18 RR A/T TYRE,TAFF FIRMGRIP TR140 WT 3.00-18 RR A/T TYRE,CPU Stores WHse - SACL,5,5,0,0,325000,65000
TAFF STICKERS,TAFF STICKERS,CPU Stores WHse - SACL,40959,40959,0,0,3481515,85
TAIL LAMP ASSY-BM100,TAIL LAMP ASSY-BM100,CPU Stores WHse - SACL,125,125,0,0,687500,5500
TENSIONER CAM/RUBBER-BM100,TENSIONER CAM/RUBBER-BM100,CPU Stores WHse - SACL,700,700,0,0,2100000,3000
TIMING CHAIN TENSIONER-BM100,TIMING CHAIN TENSIONER-BM100,CPU Stores WHse - SACL,3540,3540,0,0,9000000,2542.37
TITAN 2.75-18 MD-TYRE,TITAN 2.75-18 MD-TYRE,CPU Stores WHse - SACL,6,6,0,0,221130,36855
TITAN 2.75-18 MG-TYRE,TITAN 2.75-18 MG-TYRE,CPU Stores WHse - SACL,10,10,0,0,368550,36855
TITAN 3.00-17 F309 RR/ARW-Tyre,TITAN 3.00-17 F309 RR/ARW-Tyre,CPU Stores WHse - SACL,15,15,0,0,627900,41860
TITAN 3.00-17 F666 RR-Tyre,TITAN 3.00-17 F666 RR-Tyre,CPU Stores WHse - SACL,110,110,0,0,5255250,47775
TITAN 3.00-17 MG-TYRE,TITAN 3.00-17 MG-TYRE,CPU Stores WHse - SACL,5,5,0,0,211575,42315
TITAN 3.00-17-TUBES,TITAN 3.00-17-TUBES,CPU Stores WHse - SACL,5650,5650,0,0,26555000,4700
TITAN 3.00-18 M123-TYRE,TITAN 3.00-18 M123-TYRE,CPU Stores WHse - SACL,20,20,0,0,1072660,53633
TITAN 3.00-18-TUBES,TITAN 3.00-18-TUBES,CPU Stores WHse - SACL,1350,1350,0,0,6480000,4800
TITAN FORTRESS 3.00-17 GJIE-TYRE,TITAN FORTRESS 3.00-17 GJIE-TYRE,CPU Stores WHse - SACL,425,425,0,0,27625000,65000
TITAN RangePro 2.75-17 QJI-TYRE,TITAN RangePro 2.75-17 QJI-TYRE,CPU Stores WHse - SACL,9,9,0,0,405000,45000
TONYON PADLOCK 339U,TONYON PADLOCK 339U,CPU Stores WHse - SACL,1,1,0,0,13000,13000
TONYON PADLOCK 732,TONYON PADLOCK 732,CPU Stores WHse - SACL,19,19,0,0,247000,13000
TOTAL CLASSIC SAE40 1X18,TOTAL CLASSIC SAE40 1X18,CPU Stores WHse - SACL,34,34,0,0,513808,15112
VALVE SEAL-BM100,VALVE SEAL-BM100,CPU Stores WHse - SACL,6000,6000,0,0,1200000,200
VALVE SEAL-CG125,VALVE SEAL-CG125,CPU Stores WHse - SACL,3300,3300,0,0,825000,250
WHEEL RIM 1.60x17 FR,WHEEL RIM 1.60x17 FR,CPU Stores WHse - SACL,7,7,0,0,196000,28000
WHEEL RIM 1.60x18 FR,WHEEL RIM 1.60x18 FR,CPU Stores WHse - SACL,29,29,0,0,812000,28000
WIRE ACCELARATOR TAFF,WIRE ACCELARATOR TAFF,CPU Stores WHse - SACL,25500,25500,0,0,8160000,320
WIRE CLUTCH TAFF,WIRE CLUTCH TAFF,CPU Stores WHse - SACL,27000,27000,0,0,10260000,380
WIRING COMPLETE N/M-BM100,WIRING COMPLETE N/M-BM100,CPU Stores WHse - SACL,30,30,0,0,330000,11000
WIRING COMPLETE-BM100,WIRING COMPLETE-BM100,CPU Stores WHse - SACL,48,48,0,0,480000,10000
