account,account_name,root_type,report_type,account_type,company,is_group,gl_entries,first_posting_date,last_posting_date,total_debit,total_credit,net_debit
Debtors - SACL,Debtors,Asset,Balance Sheet,Receivable,SUPERTEX APA CO. LTD,0,463801,Wed Jun 01 2016 00:00:00 GMT+0300 (East Africa Time),Wed Dec 30 2026 00:00:00 GMT+0300 (East Africa Time),80045617370.190000,79994815974.190000,50801396.000000
Cost of Goods Sold - SACL,Cost of Goods Sold,Expense,Profit and Loss,Expense Account,SUPERTEX APA CO. LTD,0,235484,Wed Jun 01 2016 00:00:00 GMT+0300 (East Africa Time),Wed Dec 30 2026 00:00:00 GMT+0300 (East Africa Time),74155203913.100000,8857395126.110000,65297808786.990000
Sales - SACL,Sales,Income,Profit and Loss,Income Account,SUPERTEX APA CO. LTD,0,231072,Wed Jun 01 2016 00:00:00 GMT+0300 (East Africa Time),Wed Dec 30 2026 00:00:00 GMT+0300 (East Africa Time),10038052788.000000,80045155370.190000,-70007102582.190000
Stanbic(KAGABU ISA) UGX 9030003231207 - SACL,Stanbic(KAGABU ISA) UGX 9030003231207,Asset,Balance Sheet,Bank,SUPERTEX APA CO. LTD,0,50002,Wed Jun 01 2016 00:00:00 GMT+0300 (East Africa Time),Mon Jul 06 2026 00:00:00 GMT+0300 (East Africa Time),53977358532.810000,53811543137.730000,165815395.080000
Creditors - SACL,Creditors,Liability,Balance Sheet,Payable,SUPERTEX APA CO. LTD,0,31370,Wed Jun 01 2016 00:00:00 GMT+0300 (East Africa Time),Thu Jul 02 2026 00:00:00 GMT+0300 (East Africa Time),58459985412.100000,72146059489.100000,-13686074077.000000
Stock Received But Not Billed - SACL,Stock Received But Not Billed,Liability,Balance Sheet,Stock Received But Not Billed,SUPERTEX APA CO. LTD,0,30678,Wed Jun 01 2016 00:00:00 GMT+0300 (East Africa Time),Thu Jul 02 2026 00:00:00 GMT+0300 (East Africa Time),72306314951.920000,79534854199.220000,-7228539247.300000
Centenary Bank(KAGABU ISA) UGX 4220029288 - SACL,Centenary Bank(KAGABU ISA) UGX 4220029288,Asset,Balance Sheet,Bank,SUPERTEX APA CO. LTD,0,29082,Sun Jun 19 2016 00:00:00 GMT+0300 (East Africa Time),Sat Jul 04 2026 00:00:00 GMT+0300 (East Africa Time),31755543909.000000,31710076854.000000,45467055.000000
Cash Okiror Vita - SACL,Cash Okiror Vita,Asset,Balance Sheet,Cash,SUPERTEX APA CO. LTD,0,27366,Sat Oct 29 2016 00:00:00 GMT+0300 (East Africa Time),Sat Jul 04 2026 00:00:00 GMT+0300 (East Africa Time),8935589246.000000,8935588982.000000,264.000000
Cash Abiriga AS - SACL,Cash Abiriga AS,Asset,Balance Sheet,Cash,SUPERTEX APA CO. LTD,0,27289,Mon Jun 27 2016 00:00:00 GMT+0300 (East Africa Time),Sat Jul 04 2026 00:00:00 GMT+0300 (East Africa Time),4464459285.160000,4463780509.000000,678776.160000
CPU Stores WHse - SACL,CPU Stores WHse,Asset,Balance Sheet,Warehouse,SUPERTEX APA CO. LTD,0,26521,Wed Jun 01 2016 00:00:00 GMT+0300 (East Africa Time),Sat Jul 04 2026 00:00:00 GMT+0300 (East Africa Time),77617245053.100000,76170545119.750000,1446699933.350000
Cash Nile TX - SACL,Cash Nile TX,Asset,Balance Sheet,Cash,SUPERTEX APA CO. LTD,0,23582,Fri Jul 01 2016 00:00:00 GMT+0300 (East Africa Time),Fri Jul 03 2026 00:00:00 GMT+0300 (East Africa Time),6754256821.530000,6754228666.000000,28155.530000
Cash Kyenjojo Trdz - SACL,Cash Kyenjojo Trdz,Asset,Balance Sheet,Cash,SUPERTEX APA CO. LTD,0,23123,Fri Jun 24 2016 00:00:00 GMT+0300 (East Africa Time),Sat Jul 04 2026 00:00:00 GMT+0300 (East Africa Time),4181894635.000000,4180577003.000000,1317632.000000
Cash BCBundibugyo - SACL,Cash BCBundibugyo,Asset,Balance Sheet,Cash,SUPERTEX APA CO. LTD,0,22716,Sat Jun 25 2016 00:00:00 GMT+0300 (East Africa Time),Mon Jul 06 2026 00:00:00 GMT+0300 (East Africa Time),4085014207.000000,4084825245.000000,188962.000000
Cash BCNebbi - SACL,Cash BCNebbi,Asset,Balance Sheet,Cash,SUPERTEX APA CO. LTD,0,22523,Sun Jun 26 2016 00:00:00 GMT+0300 (East Africa Time),Sat Jul 04 2026 00:00:00 GMT+0300 (East Africa Time),2112025723.000000,2111660824.810000,364898.190000
Abiriga AS W/Hse - SACL,Abiriga AS W/Hse,Asset,Balance Sheet,Warehouse,SUPERTEX APA CO. LTD,0,21870,Fri Jun 24 2016 00:00:00 GMT+0300 (East Africa Time),Sat Jul 04 2026 00:00:00 GMT+0300 (East Africa Time),4084981759.220000,4003531705.200000,81450054.020000
Okiror Vita W/Hse - SACL,Okiror Vita W/Hse,Asset,Balance Sheet,Warehouse,SUPERTEX APA CO. LTD,0,21465,Sat Nov 12 2016 00:00:00 GMT+0300 (East Africa Time),Sat Jul 04 2026 00:00:00 GMT+0300 (East Africa Time),8456877045.000000,8351072816.000000,105804229.000000
Cash Baiga AS - SACL,Cash Baiga AS,Asset,Balance Sheet,Cash,SUPERTEX APA CO. LTD,0,21425,Sat Jun 25 2016 00:00:00 GMT+0300 (East Africa Time),Wed Apr 24 2024 00:00:00 GMT+0300 (East Africa Time),3119364462.120000,3119364024.000000,438.120000
Cash CPU - SACL,Cash CPU,Asset,Balance Sheet,Cash,SUPERTEX APA CO. LTD,0,21423,Wed Jun 01 2016 00:00:00 GMT+0300 (East Africa Time),Fri Jul 03 2026 00:00:00 GMT+0300 (East Africa Time),9478224647.000000,9477744476.850000,480170.150000
BC Bundibugyo W/Hse - SACL,BC Bundibugyo W/Hse,Asset,Balance Sheet,Warehouse,SUPERTEX APA CO. LTD,0,17906,Fri Jun 24 2016 00:00:00 GMT+0300 (East Africa Time),Sat Jul 04 2026 00:00:00 GMT+0300 (East Africa Time),4122545079.310000,4066247630.100000,56297449.210000
Baiga AS WHse - SACL,Baiga AS WHse,Asset,Balance Sheet,Warehouse,SUPERTEX APA CO. LTD,0,17581,Fri Jun 24 2016 00:00:00 GMT+0300 (East Africa Time),Sat Apr 27 2024 00:00:00 GMT+0300 (East Africa Time),2752334154.760000,2751214775.810000,1119378.950000
Kyenjojo Trdz W/Hse - SACL,Kyenjojo Trdz W/Hse,Asset,Balance Sheet,Warehouse,SUPERTEX APA CO. LTD,0,17462,Thu Jul 21 2016 00:00:00 GMT+0300 (East Africa Time),Sat Jul 04 2026 00:00:00 GMT+0300 (East Africa Time),3832083435.690000,3777528795.680000,54554640.010000
Cash Ogwang AS - SACL,Cash Ogwang AS,Asset,Balance Sheet,Cash,SUPERTEX APA CO. LTD,0,17454,Sat Jun 25 2016 00:00:00 GMT+0300 (East Africa Time),Sat Jul 04 2026 00:00:00 GMT+0300 (East Africa Time),2344101113.150000,2343753629.000000,347484.150000
BC Nebbi W/Hse - SACL,BC Nebbi W/Hse,Asset,Balance Sheet,Warehouse,SUPERTEX APA CO. LTD,0,17212,Fri Jun 24 2016 00:00:00 GMT+0300 (East Africa Time),Sat Jul 04 2026 00:00:00 GMT+0300 (East Africa Time),1896287791.460000,1864303787.460000,31984004.000000
Nile TX W/Hse - SACL,Nile TX W/Hse,Asset,Balance Sheet,Warehouse,SUPERTEX APA CO. LTD,0,17116,Fri Jun 24 2016 00:00:00 GMT+0300 (East Africa Time),Fri Jul 03 2026 00:00:00 GMT+0300 (East Africa Time),6311041942.070000,6259732037.100000,51309904.970000
Cash BCPaidha - SACL,Cash BCPaidha,Asset,Balance Sheet,Cash,SUPERTEX APA CO. LTD,0,17014,Sat Jun 25 2016 00:00:00 GMT+0300 (East Africa Time),Wed Jan 10 2024 00:00:00 GMT+0300 (East Africa Time),2266452512.180000,2266452447.000000,65.180000
Cash Alpha AS - SACL,Cash Alpha AS,Asset,Balance Sheet,Cash,SUPERTEX APA CO. LTD,0,16985,Sat Jun 25 2016 00:00:00 GMT+0300 (East Africa Time),Tue Feb 24 2026 00:00:00 GMT+0300 (East Africa Time),1710387915.000000,1710387840.000000,75.000000
Cash Masaba AG - SACL,Cash Masaba AG,Asset,Balance Sheet,Cash,SUPERTEX APA CO. LTD,0,16490,Mon Jun 27 2016 00:00:00 GMT+0300 (East Africa Time),Tue Sep 24 2024 00:00:00 GMT+0300 (East Africa Time),2736240699.000000,2736240699.000000,0.000000
BC Paidha W/Hse - SACL,BC Paidha W/Hse,Asset,Balance Sheet,Warehouse,SUPERTEX APA CO. LTD,0,13915,Fri Jun 24 2016 00:00:00 GMT+0300 (East Africa Time),Wed Jan 10 2024 00:00:00 GMT+0300 (East Africa Time),2033499346.390000,2032310897.080000,1188449.310000
"Loading, Offloading & Packing Expenses - SACL","Loading, Offloading & Packing Expenses",Expense,Profit and Loss,Expense Account,SUPERTEX APA CO. LTD,0,13128,Thu Jun 02 2016 00:00:00 GMT+0300 (East Africa Time),Fri Jul 03 2026 00:00:00 GMT+0300 (East Africa Time),154201039.000000,33999100.000000,120201939.000000
Ogwang AS W/Hse - SACL,Ogwang AS W/Hse,Asset,Balance Sheet,Warehouse,SUPERTEX APA CO. LTD,0,12961,Fri Jun 24 2016 00:00:00 GMT+0300 (East Africa Time),Sat Jul 04 2026 00:00:00 GMT+0300 (East Africa Time),2333217415.290000,2301491208.460000,31726206.830000
Taff Kampala W/Hse - SACL,Taff Kampala W/Hse,Asset,Balance Sheet,Warehouse,SUPERTEX APA CO. LTD,0,12588,Thu Aug 11 2016 00:00:00 GMT+0300 (East Africa Time),Sat Jul 04 2026 00:00:00 GMT+0300 (East Africa Time),10150068290.000000,10146056990.000000,4011300.000000
Cash SKY Traders - SACL,Cash SKY Traders,Asset,Balance Sheet,Cash,SUPERTEX APA CO. LTD,0,12550,Sat Aug 20 2016 00:00:00 GMT+0300 (East Africa Time),Tue Sep 05 2023 00:00:00 GMT+0300 (East Africa Time),1711225389.000000,1711224559.000000,830.000000
Alpha AS W/Hse - SACL,Alpha AS W/Hse,Asset,Balance Sheet,Warehouse,SUPERTEX APA CO. LTD,0,12328,Fri Jun 24 2016 00:00:00 GMT+0300 (East Africa Time),Sun Feb 22 2026 00:00:00 GMT+0300 (East Africa Time),1564784061.500000,1564402660.940000,381400.560000
Freight Expenses - SACL,Freight Expenses,Expense,Profit and Loss,Expense Account,SUPERTEX APA CO. LTD,0,11895,Mon Jun 20 2016 00:00:00 GMT+0300 (East Africa Time),Thu Jul 02 2026 00:00:00 GMT+0300 (East Africa Time),654293331.000000,128648500.000000,525644831.000000
Airtime Calling - SACL,Airtime Calling,Expense,Profit and Loss,Expense Account,SUPERTEX APA CO. LTD,0,11612,Tue Jun 07 2016 00:00:00 GMT+0300 (East Africa Time),Sat Jul 04 2026 00:00:00 GMT+0300 (East Africa Time),61991321.000000,17521749.000000,44469572.000000
Cash Taff Mbale - SACL,Cash Taff Mbale,Asset,Balance Sheet,Cash,SUPERTEX APA CO. LTD,0,11484,Mon Oct 29 2018 00:00:00 GMT+0300 (East Africa Time),Wed Dec 30 2026 00:00:00 GMT+0300 (East Africa Time),1959015451.000000,1958842869.000000,172582.000000
Masaba AG W/Hse - SACL,Masaba AG W/Hse,Asset,Balance Sheet,Warehouse,SUPERTEX APA CO. LTD,0,11027,Fri Jun 24 2016 00:00:00 GMT+0300 (East Africa Time),Sun Sep 22 2024 00:00:00 GMT+0300 (East Africa Time),3994948793.760000,3994484592.830000,464200.930000
Cash Gold AS - SACL,Cash Gold AS,Asset,Balance Sheet,Cash,SUPERTEX APA CO. LTD,0,10736,Sun Jun 26 2016 00:00:00 GMT+0300 (East Africa Time),Mon Aug 29 2022 00:00:00 GMT+0300 (East Africa Time),1261993204.000000,1261993195.000000,9.000000
Petty Cash - SACL,Petty Cash,Asset,Balance Sheet,Cash,SUPERTEX APA CO. LTD,0,10708,Tue Feb 26 2019 00:00:00 GMT+0300 (East Africa Time),Sat Jul 04 2026 00:00:00 GMT+0300 (East Africa Time),327194188.000000,327079982.000000,114206.000000
Cash Purchases(CPU) - SACL,Cash Purchases(CPU),Asset,Balance Sheet,Cash,SUPERTEX APA CO. LTD,0,10443,Mon Nov 13 2017 00:00:00 GMT+0300 (East Africa Time),Thu Jun 25 2026 00:00:00 GMT+0300 (East Africa Time),5300093586.000000,5300088586.000000,5000.000000
Airtime Internet - SACL,Airtime Internet,Expense,Profit and Loss,Expense Account,SUPERTEX APA CO. LTD,0,9773,Thu Aug 17 2017 00:00:00 GMT+0300 (East Africa Time),Sat Jul 04 2026 00:00:00 GMT+0300 (East Africa Time),73693359.000000,821947.000000,72871412.000000
Cash Mwesigwa AP - SACL,Cash Mwesigwa AP,Asset,Balance Sheet,Cash,SUPERTEX APA CO. LTD,0,9113,Sat Jun 25 2016 00:00:00 GMT+0300 (East Africa Time),Fri Jun 26 2020 00:00:00 GMT+0300 (East Africa Time),989631985.080000,989631985.000000,0.080000
Cash Taff Kampala - SACL,Cash Taff Kampala,Asset,Balance Sheet,Cash,SUPERTEX APA CO. LTD,0,8462,Mon Jul 25 2016 00:00:00 GMT+0300 (East Africa Time),Tue Jun 30 2026 00:00:00 GMT+0300 (East Africa Time),6075279855.000000,6075279854.800000,0.200000
Cash Giant AS - SACL,Cash Giant AS,Asset,Balance Sheet,Cash,SUPERTEX APA CO. LTD,0,8450,Tue Jan 09 2018 00:00:00 GMT+0300 (East Africa Time),Tue Jan 04 2022 00:00:00 GMT+0300 (East Africa Time),1468704554.000000,1468704554.000000,0.000000
Staff Meals and Refreshments - SACL,Staff Meals and Refreshments,Expense,Profit and Loss,Expense Account,SUPERTEX APA CO. LTD,0,8448,Thu Jun 09 2016 00:00:00 GMT+0300 (East Africa Time),Fri Jul 03 2026 00:00:00 GMT+0300 (East Africa Time),308472809.000000,35972809.000000,272500000.000000
SKY Traders W/Hse - SACL,SKY Traders W/Hse,Asset,Balance Sheet,Warehouse,SUPERTEX APA CO. LTD,0,8116,Sat Aug 20 2016 00:00:00 GMT+0300 (East Africa Time),Wed Sep 06 2023 00:00:00 GMT+0300 (East Africa Time),2577121227.000000,2576161091.000000,960136.000000
Cash Multiple Tradex - SACL,Cash Multiple Tradex,Asset,Balance Sheet,Cash,SUPERTEX APA CO. LTD,0,7907,Wed Feb 08 2017 00:00:00 GMT+0300 (East Africa Time),Wed Sep 01 2021 00:00:00 GMT+0300 (East Africa Time),871584398.000000,871584320.000000,78.000000
Transit W/Hse - SACL,Transit W/Hse,Asset,Balance Sheet,Warehouse,SUPERTEX APA CO. LTD,0,7696,Fri Jul 22 2016 00:00:00 GMT+0300 (East Africa Time),Thu Jun 25 2026 00:00:00 GMT+0300 (East Africa Time),3559922874.000000,3559382858.000000,540016.000000
Cash - SACL,Cash,Asset,Balance Sheet,Cash,SUPERTEX APA CO. LTD,0,7384,Wed Jun 01 2016 00:00:00 GMT+0300 (East Africa Time),Sat Jun 13 2026 00:00:00 GMT+0300 (East Africa Time),1929218133.970000,1921404433.000000,7813700.970000
Gold AS W/Hse - SACL,Gold AS W/Hse,Asset,Balance Sheet,Warehouse,SUPERTEX APA CO. LTD,0,7077,Fri Jun 24 2016 00:00:00 GMT+0300 (East Africa Time),Tue Aug 30 2022 00:00:00 GMT+0300 (East Africa Time),1168225118.780000,1166511268.950000,1713849.830000
Cash Japa Q. Spares - SACL,Cash Japa Q. Spares,Asset,Balance Sheet,Cash,SUPERTEX APA CO. LTD,0,7053,Mon Mar 27 2017 00:00:00 GMT+0300 (East Africa Time),Fri Sep 10 2021 00:00:00 GMT+0300 (East Africa Time),501072683.000000,501072683.000000,0.000000
Taff Mbale W/Hse - SACL,Taff Mbale W/Hse,Asset,Balance Sheet,Warehouse,SUPERTEX APA CO. LTD,0,6974,Tue Oct 30 2018 00:00:00 GMT+0300 (East Africa Time),Wed Dec 30 2026 00:00:00 GMT+0300 (East Africa Time),1913484997.000000,1863226820.000000,50258177.000000
Cash Superb - SACL,Cash Superb,Asset,Balance Sheet,Cash,SUPERTEX APA CO. LTD,0,6597,Sat Jun 25 2016 00:00:00 GMT+0300 (East Africa Time),Mon Aug 09 2021 00:00:00 GMT+0300 (East Africa Time),441642118.000000,441641335.000000,783.000000
Cash CPU Freight - SACL,Cash CPU Freight,Asset,Balance Sheet,Cash,SUPERTEX APA CO. LTD,0,6197,Fri Jan 03 2020 00:00:00 GMT+0300 (East Africa Time),Thu Jul 02 2026 00:00:00 GMT+0300 (East Africa Time),172300000.000000,172300000.000000,0.000000
Travel Expenses - SACL,Travel Expenses,Expense,Profit and Loss,Expense Account,SUPERTEX APA CO. LTD,0,6164,Thu Jun 02 2016 00:00:00 GMT+0300 (East Africa Time),Thu Jul 02 2026 00:00:00 GMT+0300 (East Africa Time),319039088.000000,46801085.000000,272238003.000000
Cash MobileWest - SACL,Cash MobileWest,Asset,Balance Sheet,Cash,SUPERTEX APA CO. LTD,0,5996,Mon Sep 26 2016 00:00:00 GMT+0300 (East Africa Time),Sat Jul 04 2026 00:00:00 GMT+0300 (East Africa Time),6949776616.000000,6949776616.000000,0.000000
Giant Auto Spares W/Hse - SACL,Giant Auto Spares W/Hse,Asset,Balance Sheet,Warehouse,SUPERTEX APA CO. LTD,0,5866,Fri Jan 05 2018 00:00:00 GMT+0300 (East Africa Time),Thu Dec 09 2021 00:00:00 GMT+0300 (East Africa Time),1498110388.000000,1498027288.000000,83100.000000
Mackay W/Hse - SACL,Mackay W/Hse,Asset,Balance Sheet,Warehouse,SUPERTEX APA CO. LTD,0,5804,Mon Jan 03 2022 00:00:00 GMT+0300 (East Africa Time),Fri Jul 03 2026 00:00:00 GMT+0300 (East Africa Time),6818370465.000000,6745943086.000000,72427379.000000
Mwesigwa AP W/Hse - SACL,Mwesigwa AP W/Hse,Asset,Balance Sheet,Warehouse,SUPERTEX APA CO. LTD,0,5461,Fri Jun 24 2016 00:00:00 GMT+0300 (East Africa Time),Mon Oct 25 2021 00:00:00 GMT+0300 (East Africa Time),996952070.480000,993268570.120000,3683500.360000
Cash OK Extra Traders(OKET) - SACL,Cash OK Extra Traders(OKET),Asset,Balance Sheet,Cash,SUPERTEX APA CO. LTD,0,5204,Tue Dec 11 2018 00:00:00 GMT+0300 (East Africa Time),Sat Dec 31 2022 00:00:00 GMT+0300 (East Africa Time),583888019.000000,583888019.000000,0.000000
Salary - SACL,Salary,Expense,Profit and Loss,Expense Account,SUPERTEX APA CO. LTD,0,5135,Sat Jun 04 2016 00:00:00 GMT+0300 (East Africa Time),Fri Jul 03 2026 00:00:00 GMT+0300 (East Africa Time),1593745125.000000,434652361.000000,1159092764.000000
Multiple Tradex W/Hse - SACL,Multiple Tradex W/Hse,Asset,Balance Sheet,Warehouse,SUPERTEX APA CO. LTD,0,4750,Sat Mar 11 2017 00:00:00 GMT+0300 (East Africa Time),Thu Sep 02 2021 00:00:00 GMT+0300 (East Africa Time),804296890.000000,804211390.000000,85500.000000
Superb Kse W/Hse - SACL,Superb Kse W/Hse,Asset,Balance Sheet,Warehouse,SUPERTEX APA CO. LTD,0,4598,Fri Jun 24 2016 00:00:00 GMT+0300 (East Africa Time),Tue Aug 10 2021 00:00:00 GMT+0300 (East Africa Time),435343218.780000,435195018.300000,148200.480000
Miscellaneous Expenses - SACL,Miscellaneous Expenses,Expense,Profit and Loss,Expense Account,SUPERTEX APA CO. LTD,0,4175,Thu Jun 09 2016 00:00:00 GMT+0300 (East Africa Time),Wed Jul 01 2026 00:00:00 GMT+0300 (East Africa Time),139309546.000000,60093525.000000,79216021.000000
Japa Quality Spares W/Hse - SACL,Japa Quality Spares W/Hse,Asset,Balance Sheet,Warehouse,SUPERTEX APA CO. LTD,0,4032,Mon Apr 17 2017 00:00:00 GMT+0300 (East Africa Time),Sat Dec 31 2022 00:00:00 GMT+0300 (East Africa Time),458921490.000000,458795890.000000,125600.000000
Mobile West W/Hse - SACL,Mobile West W/Hse,Asset,Balance Sheet,Warehouse,SUPERTEX APA CO. LTD,0,3924,Tue Sep 27 2016 00:00:00 GMT+0300 (East Africa Time),Sat Jul 04 2026 00:00:00 GMT+0300 (East Africa Time),11599093829.000000,11483668429.000000,115425400.000000
Cash Mobile Two - SACL,Cash Mobile Two,Asset,Balance Sheet,Cash,SUPERTEX APA CO. LTD,0,3781,Tue Nov 24 2020 00:00:00 GMT+0300 (East Africa Time),Mon Jun 29 2026 00:00:00 GMT+0300 (East Africa Time),5399439382.000000,5399439362.000000,20.000000
Employee Cash Advance - SACL,Employee Cash Advance,Asset,Balance Sheet,Receivable,SUPERTEX APA CO. LTD,0,3774,Fri Apr 12 2019 00:00:00 GMT+0300 (East Africa Time),Tue Jun 23 2026 00:00:00 GMT+0300 (East Africa Time),162601122.000000,132032000.000000,30569122.000000
OK Extra Traders(OKET) W/Hse - SACL,OK Extra Traders(OKET) W/Hse,Asset,Balance Sheet,Warehouse,SUPERTEX APA CO. LTD,0,3455,Fri Dec 14 2018 00:00:00 GMT+0300 (East Africa Time),Wed Aug 03 2022 00:00:00 GMT+0300 (East Africa Time),537679406.000000,537677006.000000,2400.000000
Top Up - SACL,Top Up,Expense,Profit and Loss,Round Off,SUPERTEX APA CO. LTD,0,3412,Sat Apr 15 2017 00:00:00 GMT+0300 (East Africa Time),Thu Jul 02 2026 00:00:00 GMT+0300 (East Africa Time),4708617.000000,5990606.000000,-1281989.000000
Stationery Expense - SACL,Stationery Expense,Expense,Profit and Loss,Expense Account,SUPERTEX APA CO. LTD,0,3156,Tue Aug 22 2017 00:00:00 GMT+0300 (East Africa Time),Sat Jul 04 2026 00:00:00 GMT+0300 (East Africa Time),36225696.000000,803500.000000,35422196.000000
Cash Tambo GT - SACL,Cash Tambo GT,Asset,Balance Sheet,Cash,SUPERTEX APA CO. LTD,0,2983,Thu Nov 24 2016 00:00:00 GMT+0300 (East Africa Time),Tue Apr 30 2019 00:00:00 GMT+0300 (East Africa Time),267054724.000000,267054724.000000,0.000000
Post Bank(KAGABU ISA) UGX 1030025003311 - SACL,Post Bank(KAGABU ISA) UGX 1030025003311,Asset,Balance Sheet,Bank,SUPERTEX APA CO. LTD,0,2961,Sat Jun 18 2016 00:00:00 GMT+0300 (East Africa Time),Sat May 03 2025 00:00:00 GMT+0300 (East Africa Time),951430097.000000,949617516.000000,1812581.000000
Bank Service Charges - SACL,Bank Service Charges,Expense,Profit and Loss,Expense Account,SUPERTEX APA CO. LTD,0,2958,Wed Aug 03 2016 00:00:00 GMT+0300 (East Africa Time),Tue Jun 30 2026 00:00:00 GMT+0300 (East Africa Time),42599284.000000,3114866.000000,39484418.000000
Transport Expense - SACL,Transport Expense,Expense,Profit and Loss,Expense Account,SUPERTEX APA CO. LTD,0,2789,Sat Feb 05 2022 00:00:00 GMT+0300 (East Africa Time),Sat Jul 04 2026 00:00:00 GMT+0300 (East Africa Time),22931956.000000,35000.000000,22896956.000000
Mobile Two W/Hse - SACL,Mobile Two W/Hse,Asset,Balance Sheet,Warehouse,SUPERTEX APA CO. LTD,0,2714,Sat Nov 21 2020 00:00:00 GMT+0300 (East Africa Time),Thu Jul 02 2026 00:00:00 GMT+0300 (East Africa Time),8786545651.000000,8677243143.000000,109302508.000000
Stanbic Bank(KAGABU ISA) ACCCPU UGX 9030019964638 - SACL,Stanbic Bank(KAGABU ISA) ACCCPU UGX 9030019964638,Asset,Balance Sheet,Bank,SUPERTEX APA CO. LTD,0,2703,Sat Feb 12 2022 00:00:00 GMT+0300 (East Africa Time),Fri Jul 03 2026 00:00:00 GMT+0300 (East Africa Time),1145668200.000000,1145662884.000000,5316.000000
Mobile Three W/Hse - SACL,Mobile Three W/Hse,Asset,Balance Sheet,Warehouse,SUPERTEX APA CO. LTD,0,2664,Sat Apr 30 2022 00:00:00 GMT+0300 (East Africa Time),Sat Jul 04 2026 00:00:00 GMT+0300 (East Africa Time),3608816692.000000,3577244154.000000,31572538.000000
Stanbic Bank(KAGABU ISA) MACKAYOFF UGX 9030019959294 - SACL,Stanbic Bank(KAGABU ISA) MACKAYOFF UGX 9030019959294,Asset,Balance Sheet,Bank,SUPERTEX APA CO. LTD,0,2242,Tue Mar 08 2022 00:00:00 GMT+0300 (East Africa Time),Thu Jul 02 2026 00:00:00 GMT+0300 (East Africa Time),3408837900.000000,3408137331.000000,700569.000000
Tambo Gen Trdz W/Hse - SACL,Tambo Gen Trdz W/Hse,Asset,Balance Sheet,Warehouse,SUPERTEX APA CO. LTD,0,2241,Mon Dec 19 2016 00:00:00 GMT+0300 (East Africa Time),Thu Aug 09 2018 00:00:00 GMT+0300 (East Africa Time),266731490.000000,266731490.000000,0.000000
Marketing & Adverising Expenses - SACL,Marketing & Adverising Expenses,Expense,Profit and Loss,Expense Account,SUPERTEX APA CO. LTD,0,2082,Wed Jun 29 2016 00:00:00 GMT+0300 (East Africa Time),Sat Jul 04 2026 00:00:00 GMT+0300 (East Africa Time),162427404.000000,42632500.000000,119794904.000000
Cash Mobile Three - SACL,Cash Mobile Three,Asset,Balance Sheet,Cash,SUPERTEX APA CO. LTD,0,2014,Sun May 01 2022 00:00:00 GMT+0300 (East Africa Time),Wed Jul 01 2026 00:00:00 GMT+0300 (East Africa Time),799204016.000000,799314250.000000,-110234.000000
Electricity Expense - SACL,Electricity Expense,Expense,Profit and Loss,Expense Account,SUPERTEX APA CO. LTD,0,1892,Fri Jun 10 2016 00:00:00 GMT+0300 (East Africa Time),Fri Jul 03 2026 00:00:00 GMT+0300 (East Africa Time),45997026.000000,8396600.000000,37600426.000000
Stock Adjustment - SACL,Stock Adjustment,Expense,Profit and Loss,Stock Adjustment,SUPERTEX APA CO. LTD,0,1759,Tue Jun 28 2016 00:00:00 GMT+0300 (East Africa Time),Fri Jul 03 2026 00:00:00 GMT+0300 (East Africa Time),732616166.020000,504398951.760000,228217214.260000
Packaging Material Expense - SACL,Packaging Material Expense,Expense,Profit and Loss,Expense Account,SUPERTEX APA CO. LTD,0,1632,Mon Jun 06 2016 00:00:00 GMT+0300 (East Africa Time),Sat Jul 04 2026 00:00:00 GMT+0300 (East Africa Time),50410216.000000,16281699.000000,34128517.000000
Parking Fees - SACL,Parking Fees,Expense,Profit and Loss,Expense Account,SUPERTEX APA CO. LTD,0,1551,Mon Sep 04 2017 00:00:00 GMT+0300 (East Africa Time),Fri Jul 03 2026 00:00:00 GMT+0300 (East Africa Time),28890000.000000,1194600.000000,27695400.000000
Stock Shrink - SACL,Stock Shrink,Expense,Profit and Loss,Stock Adjustment,SUPERTEX APA CO. LTD,0,1480,Wed Aug 17 2016 00:00:00 GMT+0300 (East Africa Time),Mon Jun 29 2026 00:00:00 GMT+0300 (East Africa Time),457602249.000000,299410901.000000,158191348.000000
Accomodation Expense - SACL,Accomodation Expense,Expense,Profit and Loss,Expense Account,SUPERTEX APA CO. LTD,0,1447,Sat Jun 18 2016 00:00:00 GMT+0300 (East Africa Time),Sat Feb 21 2026 00:00:00 GMT+0300 (East Africa Time),33881940.000000,8346000.000000,25535940.000000
Cash Galaxy Enterprises - SACL,Cash Galaxy Enterprises,Asset,Balance Sheet,Cash,SUPERTEX APA CO. LTD,0,1374,Thu Jan 12 2017 00:00:00 GMT+0300 (East Africa Time),Wed Jan 03 2018 00:00:00 GMT+0300 (East Africa Time),78816172.000000,78816172.000000,0.000000
Cash Taff Arua - SACL,Cash Taff Arua,Asset,Balance Sheet,Cash,SUPERTEX APA CO. LTD,0,1125,Wed Oct 31 2018 00:00:00 GMT+0300 (East Africa Time),Sat Oct 19 2019 00:00:00 GMT+0300 (East Africa Time),118750758.000000,118750758.000000,0.000000
Stanbic(Zawedde Shinaz) UGX 9030015210000 - SACL,Stanbic(Zawedde Shinaz) UGX 9030015210000,Asset,Balance Sheet,Bank,SUPERTEX APA CO. LTD,0,1066,Fri Sep 14 2018 00:00:00 GMT+0300 (East Africa Time),Tue Feb 15 2022 00:00:00 GMT+0300 (East Africa Time),1396533800.000000,1396533775.000000,25.000000
Cash Mobile One - SACL,Cash Mobile One,Asset,Balance Sheet,Cash,SUPERTEX APA CO. LTD,0,988,Tue Apr 12 2022 00:00:00 GMT+0300 (East Africa Time),Wed Jul 01 2026 00:00:00 GMT+0300 (East Africa Time),1423840628.000000,1363092368.000000,60748260.000000
Direct Transfers - SACL,Direct Transfers,Asset,Balance Sheet,Temporary,SUPERTEX APA CO. LTD,0,946,Tue Mar 13 2018 00:00:00 GMT+0300 (East Africa Time),Thu Apr 02 2026 00:00:00 GMT+0300 (East Africa Time),15040416178.000000,15040385578.000000,30600.000000
Rent - SACL,Rent,Expense,Profit and Loss,Expense Account,SUPERTEX APA CO. LTD,0,858,Mon Jun 06 2016 00:00:00 GMT+0300 (East Africa Time),Thu Jul 02 2026 00:00:00 GMT+0300 (East Africa Time),1593553725.000000,416727400.000000,1176826325.000000
Opening Balance Equity - SACL,Opening Balance Equity,Equity,Balance Sheet,Equity,SUPERTEX APA CO. LTD,0,810,Wed Jun 01 2016 00:00:00 GMT+0300 (East Africa Time),Mon Mar 30 2026 00:00:00 GMT+0300 (East Africa Time),8128167743.060000,9877719855.680000,-1749552112.620000
Field Audit Expenses - SACL,Field Audit Expenses,Expense,Profit and Loss,Expense Account,SUPERTEX APA CO. LTD,0,752,Fri Oct 11 2019 00:00:00 GMT+0300 (East Africa Time),Mon Jun 22 2026 00:00:00 GMT+0300 (East Africa Time),50888500.000000,4000.000000,50884500.000000
Kagabu Isa - SACL,Kagabu Isa,Expense,Profit and Loss,Expense Account,SUPERTEX APA CO. LTD,0,731,Wed Jun 15 2016 00:00:00 GMT+0300 (East Africa Time),Thu Jul 02 2026 00:00:00 GMT+0300 (East Africa Time),849206841.000000,266818360.000000,582388481.000000
Cash Audit - SACL,Cash Audit,Asset,Balance Sheet,Cash,SUPERTEX APA CO. LTD,0,717,Tue Nov 06 2018 00:00:00 GMT+0300 (East Africa Time),Mon Sep 13 2021 00:00:00 GMT+0300 (East Africa Time),9671000.000000,7837000.000000,1834000.000000
Motor Vehicle Fuel - SACL,Motor Vehicle Fuel,Expense,Profit and Loss,Expense Account,SUPERTEX APA CO. LTD,0,656,Tue Apr 23 2019 00:00:00 GMT+0300 (East Africa Time),Fri Jul 03 2026 00:00:00 GMT+0300 (East Africa Time),340280092.000000,0.000000,340280092.000000
Mobile One W/Hse - SACL,Mobile One W/Hse,Asset,Balance Sheet,Warehouse,SUPERTEX APA CO. LTD,0,655,Tue Apr 12 2022 00:00:00 GMT+0300 (East Africa Time),Tue Jun 30 2026 00:00:00 GMT+0300 (East Africa Time),2108967366.000000,2107801866.000000,1165500.000000
Office Expenses - SACL,Office Expenses,Expense,Profit and Loss,Expense Account,SUPERTEX APA CO. LTD,0,645,Sat Jun 18 2016 00:00:00 GMT+0300 (East Africa Time),Fri Jul 03 2026 00:00:00 GMT+0300 (East Africa Time),23544590.000000,1480100.000000,22064490.000000
Cash Taff Bunia - SACL,Cash Taff Bunia,Asset,Balance Sheet,Cash,SUPERTEX APA CO. LTD,0,634,Sat Aug 24 2019 00:00:00 GMT+0300 (East Africa Time),Thu Oct 22 2020 00:00:00 GMT+0300 (East Africa Time),701801045.000000,703897530.000000,-2096485.000000
Equity Recoveries - SACL,Equity Recoveries,Equity,Balance Sheet,Equity,SUPERTEX APA CO. LTD,0,613,Mon Apr 01 2019 00:00:00 GMT+0300 (East Africa Time),Thu Feb 05 2026 00:00:00 GMT+0300 (East Africa Time),44674434.000000,45058277.000000,-383843.000000
Clearing and Forwarding MBSA/KLA - SACL,Clearing and Forwarding MBSA/KLA,Expense,Profit and Loss,Expense Account,SUPERTEX APA CO. LTD,0,569,Mon Apr 24 2017 00:00:00 GMT+0300 (East Africa Time),Thu Jul 02 2026 00:00:00 GMT+0300 (East Africa Time),4559093179.000000,92181129.000000,4466912050.000000
Salary Payable - SACL,Salary Payable,Liability,Balance Sheet,Payable,SUPERTEX APA CO. LTD,0,538,Tue Apr 30 2019 00:00:00 GMT+0300 (East Africa Time),Wed Oct 09 2019 00:00:00 GMT+0300 (East Africa Time),66090000.000000,66090000.000000,0.000000
Cash Mobile Four - SACL,Cash Mobile Four,Asset,Balance Sheet,Cash,SUPERTEX APA CO. LTD,0,526,Sat Jan 18 2025 00:00:00 GMT+0300 (East Africa Time),Thu Mar 12 2026 00:00:00 GMT+0300 (East Africa Time),799618030.000000,770997030.000000,28621000.000000
Deferred Revenue - SACL,Deferred Revenue ,Liability,Balance Sheet,,SUPERTEX APA CO. LTD,0,521,Fri Jul 12 2019 00:00:00 GMT+0300 (East Africa Time),Tue Dec 17 2024 00:00:00 GMT+0300 (East Africa Time),484594060.000000,489439100.000000,-4845040.000000
Lost Stock Recoverable - SACL,Lost Stock Recoverable,Asset,Balance Sheet,Receivable,SUPERTEX APA CO. LTD,0,518,Mon Nov 26 2018 00:00:00 GMT+0300 (East Africa Time),Mon May 11 2026 00:00:00 GMT+0300 (East Africa Time),16564700.000000,14282400.000000,2282300.000000
Cash Field Work - SACL,Cash Field Work,Asset,Balance Sheet,Cash,SUPERTEX APA CO. LTD,0,448,Thu May 10 2018 00:00:00 GMT+0300 (East Africa Time),Sun Feb 28 2021 00:00:00 GMT+0300 (East Africa Time),11657040.000000,11657040.000000,0.000000
Computing Services - SACL,Computing Services,Expense,Profit and Loss,Expense Account,SUPERTEX APA CO. LTD,0,446,Mon Jul 30 2018 00:00:00 GMT+0300 (East Africa Time),Tue Jun 02 2026 00:00:00 GMT+0300 (East Africa Time),58590134.000000,69234.000000,58520900.000000
Taff Arua Shp W/Hse - SACL,Taff Arua Shp W/Hse,Asset,Balance Sheet,Warehouse,SUPERTEX APA CO. LTD,0,439,Tue Oct 30 2018 00:00:00 GMT+0300 (East Africa Time),Mon Oct 21 2019 00:00:00 GMT+0300 (East Africa Time),181745636.000000,181745636.000000,0.000000
TriCycle Fuel - SACL,TriCycle Fuel,Expense,Profit and Loss,Expense Account,SUPERTEX APA CO. LTD,0,423,Mon Apr 22 2019 00:00:00 GMT+0300 (East Africa Time),Tue Jun 30 2026 00:00:00 GMT+0300 (East Africa Time),23316700.000000,0.000000,23316700.000000
Stanbic Bank(KAGABU ISA) USD 930014867111 - SACL,Stanbic Bank(KAGABU ISA) USD 930014867111,Asset,Balance Sheet,Bank,SUPERTEX APA CO. LTD,0,346,Tue Sep 18 2018 00:00:00 GMT+0300 (East Africa Time),Thu Jun 25 2026 00:00:00 GMT+0300 (East Africa Time),19286511562.000000,6567376205.000000,12719135357.000000
Stanbic(AKELLO S. JUDITH) UGX 9030010235188 - SACL,Stanbic(AKELLO S. JUDITH) UGX 9030010235188,Asset,Balance Sheet,Bank,SUPERTEX APA CO. LTD,0,343,Wed Jan 04 2017 00:00:00 GMT+0300 (East Africa Time),Sun Mar 31 2019 00:00:00 GMT+0300 (East Africa Time),878953483.000000,878953483.000000,0.000000
Cash Mobile Five - SACL,Cash Mobile Five ,Asset,Balance Sheet,Cash,SUPERTEX APA CO. LTD,0,339,Mon Dec 22 2025 00:00:00 GMT+0300 (East Africa Time),Wed Jul 01 2026 00:00:00 GMT+0300 (East Africa Time),576661450.000000,523115000.000000,53546450.000000
Stanbic Bank(KAGABU ISA) MOBWEST UGX 9030019958921 - SACL,Stanbic Bank(KAGABU ISA) MOBWEST UGX 9030019958921,Asset,Balance Sheet,Bank,SUPERTEX APA CO. LTD,0,331,Thu Mar 10 2022 00:00:00 GMT+0300 (East Africa Time),Wed Jul 01 2026 00:00:00 GMT+0300 (East Africa Time),46223208.000000,43879337.000000,2343871.000000
Tri-Cycle UEG-161Q - SACL,Tri-Cycle UEG-161Q,Expense,Profit and Loss,Expense Account,SUPERTEX APA CO. LTD,0,318,Fri Oct 28 2016 00:00:00 GMT+0300 (East Africa Time),Sat Apr 13 2019 00:00:00 GMT+0300 (East Africa Time),9440000.000000,6337000.000000,3103000.000000
Motor Vehicle Maintenance & Repairs - SACL,Motor Vehicle Maintenance & Repairs,Expense,Profit and Loss,Expense Account,SUPERTEX APA CO. LTD,0,315,Sat Aug 19 2017 00:00:00 GMT+0300 (East Africa Time),Fri Jun 26 2026 00:00:00 GMT+0300 (East Africa Time),130559473.000000,1436000.000000,129123473.000000
License and Permits - SACL,License and Permits,Expense,Profit and Loss,Expense Account,SUPERTEX APA CO. LTD,0,313,Sat Jul 02 2016 00:00:00 GMT+0300 (East Africa Time),Tue Jun 23 2026 00:00:00 GMT+0300 (East Africa Time),73642453.000000,6571950.000000,67070503.000000
Other Income - SACL,Other Income,Income,Profit and Loss,Income Account,SUPERTEX APA CO. LTD,0,309,Thu Nov 02 2017 00:00:00 GMT+0300 (East Africa Time),Tue Jun 30 2026 00:00:00 GMT+0300 (East Africa Time),67287565.000000,256407567.000000,-189120002.000000
Tri-Cycle UEM-234Y - SACL,Tri-Cycle UEM-234Y,Expense,Profit and Loss,Expense Account,SUPERTEX APA CO. LTD,0,300,Thu Jun 02 2016 00:00:00 GMT+0300 (East Africa Time),Thu Apr 18 2019 00:00:00 GMT+0300 (East Africa Time),14682600.000000,12638500.000000,2044100.000000
Employee Loss Recoverable - SACL,Employee Loss Recoverable,Asset,Balance Sheet,Receivable,SUPERTEX APA CO. LTD,0,297,Mon Apr 01 2019 00:00:00 GMT+0300 (East Africa Time),Fri Apr 10 2026 00:00:00 GMT+0300 (East Africa Time),74731081.000000,24241793.000000,50489288.000000
Taff Bunia W/Hse - SACL,Taff Bunia W/Hse,Asset,Balance Sheet,Warehouse,SUPERTEX APA CO. LTD,0,297,Sat Oct 05 2019 00:00:00 GMT+0300 (East Africa Time),Wed Oct 21 2020 00:00:00 GMT+0300 (East Africa Time),692891301.000000,692891301.000000,0.000000
Mobile Four W/Hse - SACL,Mobile Four W/Hse,Asset,Balance Sheet,Warehouse,SUPERTEX APA CO. LTD,0,293,Thu Jan 16 2025 00:00:00 GMT+0300 (East Africa Time),Thu Dec 04 2025 00:00:00 GMT+0300 (East Africa Time),1449588613.000000,1449588613.000000,0.000000
Garbage Collection - SACL,Garbage Collection,Expense,Profit and Loss,Expense Account,SUPERTEX APA CO. LTD,0,284,Mon Sep 04 2017 00:00:00 GMT+0300 (East Africa Time),Thu Jul 02 2026 00:00:00 GMT+0300 (East Africa Time),14575000.000000,200000.000000,14375000.000000
Prepaid Rent - SACL,Prepaid Rent,Asset,Balance Sheet,Temporary,SUPERTEX APA CO. LTD,0,276,Thu Aug 31 2017 00:00:00 GMT+0300 (East Africa Time),Mon Feb 22 2021 00:00:00 GMT+0300 (East Africa Time),417012325.000000,417012325.000000,0.000000
Security Expenses - SACL,Security Expenses,Expense,Profit and Loss,Expense Account,SUPERTEX APA CO. LTD,0,259,Fri Dec 31 2021 00:00:00 GMT+0300 (East Africa Time),Wed Jul 01 2026 00:00:00 GMT+0300 (East Africa Time),57655000.000000,0.000000,57655000.000000
Galaxy Ent W/Hse - SACL,Galaxy Ent W/Hse,Asset,Balance Sheet,Warehouse,SUPERTEX APA CO. LTD,0,249,Fri Jun 23 2017 00:00:00 GMT+0300 (East Africa Time),Sun Mar 31 2019 00:00:00 GMT+0300 (East Africa Time),38071627.000000,38071627.000000,0.000000
Commission Payable - SACL,Commission Payable,Liability,Balance Sheet,Payable,SUPERTEX APA CO. LTD,0,244,Wed May 01 2019 00:00:00 GMT+0300 (East Africa Time),Wed Oct 09 2019 00:00:00 GMT+0300 (East Africa Time),22748162.000000,22748162.000000,0.000000
Motor Vehicle Expenses - SACL,Motor Vehicle Expenses,Expense,Profit and Loss,Expense Account,SUPERTEX APA CO. LTD,0,225,Wed Aug 17 2016 00:00:00 GMT+0300 (East Africa Time),Tue Jun 30 2026 00:00:00 GMT+0300 (East Africa Time),108691444.000000,12046348.000000,96645096.000000
Mobile Five W/Hse - SACL,Mobile Five W/Hse,Asset,Balance Sheet,Warehouse,SUPERTEX APA CO. LTD,0,218,Sat Dec 20 2025 00:00:00 GMT+0300 (East Africa Time),Thu Jul 02 2026 00:00:00 GMT+0300 (East Africa Time),949362814.000000,949057974.000000,304840.000000
Masereka AS W/Hse - SACL,Masereka AS W/Hse,Asset,Balance Sheet,Warehouse,SUPERTEX APA CO. LTD,0,214,Sat Jul 02 2016 00:00:00 GMT+0300 (East Africa Time),Wed Nov 02 2016 00:00:00 GMT+0300 (East Africa Time),21060337.870000,21060337.630000,0.240000
Container(1) W/Hse - SACL,Container(1) W/Hse,Asset,Balance Sheet,Warehouse,SUPERTEX APA CO. LTD,0,198,Wed Jun 15 2016 00:00:00 GMT+0300 (East Africa Time),Sat Dec 31 2022 00:00:00 GMT+0300 (East Africa Time),8212597731.000000,8212597731.000000,0.000000
MTN MOBILE MONEY - SACL,MTN MOBILE MONEY,Asset,Balance Sheet,Cash,SUPERTEX APA CO. LTD,0,187,Thu Jun 07 2018 00:00:00 GMT+0300 (East Africa Time),Tue Apr 19 2022 00:00:00 GMT+0300 (East Africa Time),7324500.000000,4237000.000000,3087500.000000
UAU-615A Noah - SACL,UAU-615A Noah,Expense,Profit and Loss,Expense Account,SUPERTEX APA CO. LTD,0,184,Mon Sep 26 2016 00:00:00 GMT+0300 (East Africa Time),Mon Nov 19 2018 00:00:00 GMT+0300 (East Africa Time),12786500.000000,11543000.000000,1243500.000000
Stanbic Bank(KAGABU ISA) MOBTWO UGX 9030019959162 - SACL,Stanbic Bank(KAGABU ISA) MOBTWO UGX 9030019959162,Asset,Balance Sheet,Bank,SUPERTEX APA CO. LTD,0,170,Sat Mar 12 2022 00:00:00 GMT+0300 (East Africa Time),Sat May 16 2026 00:00:00 GMT+0300 (East Africa Time),53731900.000000,53654900.000000,77000.000000
AIRTEL MONEY - SACL,AIRTEL MONEY,Asset,Balance Sheet,Cash,SUPERTEX APA CO. LTD,0,169,Wed Aug 15 2018 00:00:00 GMT+0300 (East Africa Time),Wed Aug 24 2022 00:00:00 GMT+0300 (East Africa Time),1576900.000000,256600.000000,1320300.000000
Wages Expenses - SACL,Wages Expenses,Expense,Profit and Loss,Expense Account,SUPERTEX APA CO. LTD,0,163,Mon Apr 29 2019 00:00:00 GMT+0300 (East Africa Time),Tue Feb 17 2026 00:00:00 GMT+0300 (East Africa Time),6900000.000000,0.000000,6900000.000000
Stanbic Bank(KAGABU ISA) UGX 8850 - SACL,Stanbic Bank(KAGABU ISA) UGX 8850,Asset,Balance Sheet,Bank,SUPERTEX APA CO. LTD,0,157,Fri Aug 17 2018 00:00:00 GMT+0300 (East Africa Time),Sun Apr 06 2025 00:00:00 GMT+0300 (East Africa Time),272319375.000000,275888936.000000,-3569561.000000
Stanbic(NYAPENDI JOYCE ROBINAH) 9030019767611 - SACL,Stanbic(NYAPENDI JOYCE ROBINAH) 9030019767611,Asset,Balance Sheet,Bank,SUPERTEX APA CO. LTD,0,157,Mon Jan 03 2022 00:00:00 GMT+0300 (East Africa Time),Fri Oct 03 2025 00:00:00 GMT+0300 (East Africa Time),218993200.000000,218826673.000000,166527.000000
Tax Consultancy Fees - SACL,Tax Consultancy Fees,Expense,Profit and Loss,Expense Account,SUPERTEX APA CO. LTD,0,156,Tue Sep 13 2016 00:00:00 GMT+0300 (East Africa Time),Mon Jun 22 2026 00:00:00 GMT+0300 (East Africa Time),58090000.000000,3610000.000000,54480000.000000
Cash Teso RS - SACL,Cash Teso RS,Asset,Balance Sheet,Cash,SUPERTEX APA CO. LTD,0,153,Wed Aug 23 2017 00:00:00 GMT+0300 (East Africa Time),Wed Feb 21 2018 00:00:00 GMT+0300 (East Africa Time),46245026.000000,46244832.000000,194.000000
Stanbic(BUSINGYE SALAMA) UGX 9030012623959 - SACL,Stanbic(BUSINGYE SALAMA) UGX 9030012623959,Asset,Balance Sheet,Bank,SUPERTEX APA CO. LTD,0,152,Mon Feb 27 2017 00:00:00 GMT+0300 (East Africa Time),Wed Sep 30 2020 00:00:00 GMT+0300 (East Africa Time),664404856.000000,664404856.000000,0.000000
Office Equipment - SACL,Office Equipment,Asset,Balance Sheet,Fixed Asset,SUPERTEX APA CO. LTD,0,150,Thu Jun 16 2016 00:00:00 GMT+0300 (East Africa Time),Sat Jan 22 2022 00:00:00 GMT+0300 (East Africa Time),55943798.000000,4580000.000000,51363798.000000
Teso RS W/Hse - SACL,Teso RS W/Hse,Asset,Balance Sheet,Warehouse,SUPERTEX APA CO. LTD,0,150,Wed Aug 23 2017 00:00:00 GMT+0300 (East Africa Time),Tue Feb 20 2018 00:00:00 GMT+0300 (East Africa Time),39300501.000000,39300501.000000,0.000000
Employee Loan - SACL,Employee Loan,Asset,Balance Sheet,Receivable,SUPERTEX APA CO. LTD,0,138,Mon Apr 01 2019 00:00:00 GMT+0300 (East Africa Time),Sat Jun 06 2026 00:00:00 GMT+0300 (East Africa Time),9470000.000000,8278774.000000,1191226.000000
Imports Handling Expenses - SACL,Imports Handling Expenses,Expense,Profit and Loss,Expense Account,SUPERTEX APA CO. LTD,0,133,Fri Jul 29 2016 00:00:00 GMT+0300 (East Africa Time),Mon Feb 15 2021 00:00:00 GMT+0300 (East Africa Time),739398905.000000,325167053.000000,414231852.000000
Cash Masereka AS - SACL,Cash Masereka AS,Asset,Balance Sheet,Cash,SUPERTEX APA CO. LTD,0,132,Mon Jun 27 2016 00:00:00 GMT+0300 (East Africa Time),Tue Nov 15 2016 00:00:00 GMT+0300 (East Africa Time),3123942.000000,3123942.000000,0.000000
TriCycle Maintenance & Repairs - SACL,TriCycle Maintenance & Repairs,Expense,Profit and Loss,Expense Account,SUPERTEX APA CO. LTD,0,127,Sat Apr 27 2019 00:00:00 GMT+0300 (East Africa Time),Sat May 02 2026 00:00:00 GMT+0300 (East Africa Time),13767500.000000,0.000000,13767500.000000
VAT Payments - SACL,VAT Payments,Expense,Profit and Loss,Expense Account,SUPERTEX APA CO. LTD,0,124,Wed Jun 15 2016 00:00:00 GMT+0300 (East Africa Time),Mon Jun 15 2026 00:00:00 GMT+0300 (East Africa Time),236613595.000000,17002141.000000,219611454.000000
Commission Expense - SACL,Commission Expense,Expense,Profit and Loss,Expense Account,SUPERTEX APA CO. LTD,0,123,Wed May 01 2019 00:00:00 GMT+0300 (East Africa Time),Mon Sep 30 2019 00:00:00 GMT+0300 (East Africa Time),22942356.000000,0.000000,22942356.000000
P2021 - SACL,P2021,Asset,Balance Sheet,Cash,SUPERTEX APA CO. LTD,0,117,Tue Aug 24 2021 00:00:00 GMT+0300 (East Africa Time),Wed Jan 17 2024 00:00:00 GMT+0300 (East Africa Time),164138300.000000,9198400.000000,154939900.000000
PAYE Expense - SACL,PAYE Expense,Expense,Profit and Loss,Expense Account,SUPERTEX APA CO. LTD,0,113,Mon Jun 13 2016 00:00:00 GMT+0300 (East Africa Time),Mon Jun 15 2026 00:00:00 GMT+0300 (East Africa Time),15770385.000000,6256600.000000,9513785.000000
Shop Customer Freight - SACL,Shop Customer Freight,Expense,Profit and Loss,Expense Account,SUPERTEX APA CO. LTD,0,109,Tue Dec 11 2018 00:00:00 GMT+0300 (East Africa Time),Wed Dec 17 2025 00:00:00 GMT+0300 (East Africa Time),1316000.000000,0.000000,1316000.000000
Trust Investment Development(TID) - SACL,Trust Investment Development(TID),Asset,Balance Sheet,Bank,SUPERTEX APA CO. LTD,0,91,Thu Oct 24 2019 00:00:00 GMT+0300 (East Africa Time),Fri Dec 31 2021 00:00:00 GMT+0300 (East Africa Time),596157450.000000,596157450.000000,0.000000
Deduction - Mispricing - SACL,Deduction - Mispricing,Income,Profit and Loss,Income Account,SUPERTEX APA CO. LTD,0,74,Sat May 04 2019 00:00:00 GMT+0300 (East Africa Time),Sat Jan 07 2023 00:00:00 GMT+0300 (East Africa Time),0.000000,1325176.000000,-1325176.000000
Prepaid Insurance - SACL,Prepaid Insurance,Asset,Balance Sheet,,SUPERTEX APA CO. LTD,0,70,Mon Apr 01 2019 00:00:00 GMT+0300 (East Africa Time),Mon Feb 22 2021 00:00:00 GMT+0300 (East Africa Time),51533875.000000,51533875.000000,0.000000
Ordering Shop2Shop W/Hse - SACL,Ordering Shop2Shop W/Hse,Asset,Balance Sheet,Warehouse,SUPERTEX APA CO. LTD,0,69,Sat Jul 02 2016 00:00:00 GMT+0300 (East Africa Time),Sat Mar 28 2026 00:00:00 GMT+0300 (East Africa Time),169462026.070000,167228626.070000,2233400.000000
Stanbic Bank(KAGABU ISA) USD 9030009450385 - SACL,Stanbic Bank(KAGABU ISA) USD 9030009450385,Asset,Balance Sheet,Bank,SUPERTEX APA CO. LTD,0,68,Sun Jun 19 2016 00:00:00 GMT+0300 (East Africa Time),Mon Oct 29 2018 00:00:00 GMT+0300 (East Africa Time),2648004196.000000,2643154531.000000,4849665.000000
Tri-Cycle fuel UFL 809L - SACL,Tri-Cycle fuel UFL 809L,Expense,Profit and Loss,Cash,SUPERTEX APA CO. LTD,0,65,Tue Oct 18 2022 00:00:00 GMT+0300 (East Africa Time),Sat Jul 22 2023 00:00:00 GMT+0300 (East Africa Time),4394100.000000,0.000000,4394100.000000
Insurance Motor Comprehensive & 3rd Party - SACL,Insurance Motor Comprehensive & 3rd Party,Expense,Profit and Loss,Expense Account,SUPERTEX APA CO. LTD,0,63,Mon Aug 20 2018 00:00:00 GMT+0300 (East Africa Time),Wed Jun 03 2026 00:00:00 GMT+0300 (East Africa Time),28865196.000000,0.000000,28865196.000000
Factory Samples W/Hse - SACL,Factory Samples W/Hse,Asset,Balance Sheet,Warehouse,SUPERTEX APA CO. LTD,0,61,Fri Feb 10 2017 00:00:00 GMT+0300 (East Africa Time),Tue May 05 2026 00:00:00 GMT+0300 (East Africa Time),5382314.000000,41200.000000,5341114.000000
Vehicle Hire - SACL,Vehicle Hire,Expense,Profit and Loss,Expense Account,SUPERTEX APA CO. LTD,0,59,Tue Feb 23 2021 00:00:00 GMT+0300 (East Africa Time),Wed Dec 08 2021 00:00:00 GMT+0300 (East Africa Time),4220000.000000,0.000000,4220000.000000
Insurance Fire & Burglary - SACL,Insurance Fire & Burglary,Expense,Profit and Loss,Expense Account,SUPERTEX APA CO. LTD,0,56,Mon Jul 04 2016 00:00:00 GMT+0300 (East Africa Time),Mon Feb 22 2021 00:00:00 GMT+0300 (East Africa Time),56028710.000000,18515300.000000,37513410.000000
UAT-939Y Premio - SACL,UAT-939Y Premio,Expense,Profit and Loss,Expense Account,SUPERTEX APA CO. LTD,0,56,Tue Oct 04 2016 00:00:00 GMT+0300 (East Africa Time),Thu Apr 11 2019 00:00:00 GMT+0300 (East Africa Time),7307260.000000,3654200.000000,3653060.000000
Sales Expenses - SACL,Sales Expenses,Expense,Profit and Loss,Expense Account,SUPERTEX APA CO. LTD,0,55,Fri Aug 12 2016 00:00:00 GMT+0300 (East Africa Time),Sat Sep 07 2024 00:00:00 GMT+0300 (East Africa Time),18532674.000000,892014.000000,17640660.000000
Cash Imports USD - SACL,Cash Imports USD,Asset,Balance Sheet,Cash,SUPERTEX APA CO. LTD,0,51,Wed Aug 10 2016 00:00:00 GMT+0300 (East Africa Time),Fri Dec 31 2021 00:00:00 GMT+0300 (East Africa Time),911374477.000000,911367049.000000,7428.000000
NWSC - Water Expenses - SACL,NWSC - Water Expenses,Expense,Profit and Loss,Expense Account,SUPERTEX APA CO. LTD,0,50,Thu Jun 02 2016 00:00:00 GMT+0300 (East Africa Time),Fri Jun 26 2026 00:00:00 GMT+0300 (East Africa Time),1192956.000000,310000.000000,882956.000000
Computers And All Electronics - SACL,Computers And All Electronics,Asset,Balance Sheet,Fixed Asset,SUPERTEX APA CO. LTD,0,46,Sun Jun 26 2016 00:00:00 GMT+0300 (East Africa Time),Mon May 04 2026 00:00:00 GMT+0300 (East Africa Time),48312100.000000,0.000000,48312100.000000
Mbarara Stockist W/Hse - SACL,Mbarara Stockist W/Hse,Asset,Balance Sheet,Warehouse,SUPERTEX APA CO. LTD,0,45,Sat Apr 01 2023 00:00:00 GMT+0300 (East Africa Time),Thu Jan 22 2026 00:00:00 GMT+0300 (East Africa Time),94815850.000000,92234950.000000,2580900.000000
Stanbic (SUPERTEX APA CO. LTD) UGX 9030010000695 - SACL,Stanbic (SUPERTEX APA CO. LTD) UGX 9030010000695,Asset,Balance Sheet,Bank,SUPERTEX APA CO. LTD,0,42,Fri Sep 02 2016 00:00:00 GMT+0300 (East Africa Time),Tue Mar 26 2024 00:00:00 GMT+0300 (East Africa Time),42753033.000000,8388201.000000,34364832.000000
Imports FOREX Charges - SACL,Imports FOREX Charges,Expense,Profit and Loss,Expense Account,SUPERTEX APA CO. LTD,0,41,Wed Aug 24 2016 00:00:00 GMT+0300 (East Africa Time),Wed Aug 22 2018 00:00:00 GMT+0300 (East Africa Time),19875794.000000,19733794.000000,142000.000000
KCB(Kagabu Isa) UGX 2200595662- SACL - SACL,KCB(Kagabu Isa) UGX 2200595662- SACL,Asset,Balance Sheet,Bank,SUPERTEX APA CO. LTD,0,40,Sun Apr 23 2017 00:00:00 GMT+0300 (East Africa Time),Tue Apr 30 2019 00:00:00 GMT+0300 (East Africa Time),6757129.000000,6691576.000000,65553.000000
Deduction - Late Arrival - SACL,Deduction - Late Arrival,Income,Profit and Loss,Income Account,SUPERTEX APA CO. LTD,0,39,Wed May 01 2019 00:00:00 GMT+0300 (East Africa Time),Thu Oct 03 2019 00:00:00 GMT+0300 (East Africa Time),45000.000000,635000.000000,-590000.000000
Cash Import Pay - SACL,Cash Import Pay,Asset,Balance Sheet,Cash,SUPERTEX APA CO. LTD,0,37,Thu Oct 19 2017 00:00:00 GMT+0300 (East Africa Time),Wed Nov 14 2018 00:00:00 GMT+0300 (East Africa Time),1693210749.000000,1693210749.000000,0.000000
Employee welfare - SACL - SACL,Employee welfare - SACL,Expense,Profit and Loss,Expense Account,SUPERTEX APA CO. LTD,0,37,Sat May 30 2020 00:00:00 GMT+0300 (East Africa Time),Sun Jun 28 2026 00:00:00 GMT+0300 (East Africa Time),3468300.000000,0.000000,3468300.000000
Equity Bank(Kagabu Isa) UGX 1021100645946 - SACL,Equity Bank(Kagabu Isa) UGX 1021100645946,Asset,Balance Sheet,Bank,SUPERTEX APA CO. LTD,0,33,Sat Sep 30 2017 00:00:00 GMT+0300 (East Africa Time),Wed Apr 06 2022 00:00:00 GMT+0300 (East Africa Time),20165000.000000,14954300.000000,5210700.000000
Furniture and Fixtures - SACL,Furniture and Fixtures,Asset,Balance Sheet,Fixed Asset,SUPERTEX APA CO. LTD,0,30,Sun Jun 26 2016 00:00:00 GMT+0300 (East Africa Time),Sat Jun 18 2022 00:00:00 GMT+0300 (East Africa Time),47808390.000000,0.000000,47808390.000000
Legal Expenses - SACL,Legal Expenses,Expense,Profit and Loss,Expense Account,SUPERTEX APA CO. LTD,0,30,Mon Apr 24 2017 00:00:00 GMT+0300 (East Africa Time),Mon Jun 29 2026 00:00:00 GMT+0300 (East Africa Time),20899000.000000,200000.000000,20699000.000000
Container(2) W/Hse - SACL,Container(2) W/Hse,Asset,Balance Sheet,Warehouse,SUPERTEX APA CO. LTD,0,26,Tue Jan 10 2017 00:00:00 GMT+0300 (East Africa Time),Tue Feb 28 2023 00:00:00 GMT+0300 (East Africa Time),1159699679.000000,1159691679.000000,8000.000000
Vehicles - SACL,Vehicles,Asset,Balance Sheet,Fixed Asset,SUPERTEX APA CO. LTD,0,26,Sun Jun 26 2016 00:00:00 GMT+0300 (East Africa Time),Wed Aug 03 2022 00:00:00 GMT+0300 (East Africa Time),177370630.000000,13000000.000000,164370630.000000
Income Tax - SACL,Income Tax,Expense,Profit and Loss,Expense Account,SUPERTEX APA CO. LTD,0,24,Sat Dec 30 2017 00:00:00 GMT+0300 (East Africa Time),Tue Jun 30 2026 00:00:00 GMT+0300 (East Africa Time),21610783.000000,950000.000000,20660783.000000
Insurance Goods in Transit - SACL,Insurance Goods in Transit,Expense,Profit and Loss,Expense Account,SUPERTEX APA CO. LTD,0,24,Sat Nov 04 2017 00:00:00 GMT+0300 (East Africa Time),Sat Oct 31 2020 00:00:00 GMT+0300 (East Africa Time),15664748.000000,2567400.000000,13097348.000000
Insurance Marine Cargo - SACL,Insurance Marine Cargo,Expense,Profit and Loss,Expense Account,SUPERTEX APA CO. LTD,0,24,Fri May 31 2019 00:00:00 GMT+0300 (East Africa Time),Fri Apr 09 2021 00:00:00 GMT+0300 (East Africa Time),17587786.000000,1753389.000000,15834397.000000
Insurance All Risks - SACL,Insurance All Risks,Expense,Profit and Loss,Expense Account,SUPERTEX APA CO. LTD,0,20,Tue Apr 30 2019 00:00:00 GMT+0300 (East Africa Time),Mon Feb 22 2021 00:00:00 GMT+0300 (East Africa Time),4977045.000000,0.000000,4977045.000000
Showroom CPU W/Hse - SACL,Showroom CPU W/Hse,Asset,Balance Sheet,Warehouse,SUPERTEX APA CO. LTD,0,18,Tue Jul 16 2019 00:00:00 GMT+0300 (East Africa Time),Mon Oct 16 2023 00:00:00 GMT+0300 (East Africa Time),3296336.000000,2012232.000000,1284104.000000
Cash Imports CNY - SACL,Cash Imports CNY,Asset,Balance Sheet,Cash,SUPERTEX APA CO. LTD,0,17,Tue Jun 21 2016 00:00:00 GMT+0300 (East Africa Time),Sun Dec 31 2017 00:00:00 GMT+0300 (East Africa Time),272865462.000000,272741348.000000,124114.000000
Insurance - AAR HEALTH - SACL - SACL,Insurance - AAR HEALTH - SACL,Expense,Profit and Loss,Expense Account,SUPERTEX APA CO. LTD,0,17,Tue Dec 31 2019 00:00:00 GMT+0300 (East Africa Time),Fri Dec 09 2022 00:00:00 GMT+0300 (East Africa Time),7322392.000000,0.000000,7322392.000000
Deduction - Absent - SACL,Deduction - Absent,Income,Profit and Loss,Income Account,SUPERTEX APA CO. LTD,0,16,Wed May 01 2019 00:00:00 GMT+0300 (East Africa Time),Tue Oct 08 2019 00:00:00 GMT+0300 (East Africa Time),0.000000,1907060.000000,-1907060.000000
Item Refund - SACL,Item Refund,Expense,Profit and Loss,Expense Account,SUPERTEX APA CO. LTD,0,15,Sun Jul 21 2019 00:00:00 GMT+0300 (East Africa Time),Fri Oct 13 2023 00:00:00 GMT+0300 (East Africa Time),227400.000000,0.000000,227400.000000
Maintenance & Repairs Computers And All Electronics - SACL - SACL,Maintenance & Repairs Computers And All Electronics - SACL,Expense,Profit and Loss,,SUPERTEX APA CO. LTD,0,15,Fri Apr 09 2021 00:00:00 GMT+0300 (East Africa Time),Sun Jun 07 2026 00:00:00 GMT+0300 (East Africa Time),1145000.000000,0.000000,1145000.000000
Accounting and Audit Fees - SACL,Accounting and Audit Fees,Expense,Profit and Loss,Expense Account,SUPERTEX APA CO. LTD,0,13,Mon Jun 13 2016 00:00:00 GMT+0300 (East Africa Time),Thu Feb 10 2022 00:00:00 GMT+0300 (East Africa Time),4960000.000000,1000000.000000,3960000.000000
Administrative Expenses - SACL,Administrative Expenses,Expense,Profit and Loss,Expense Account,SUPERTEX APA CO. LTD,0,13,Tue Jan 31 2017 00:00:00 GMT+0300 (East Africa Time),Mon Sep 17 2018 00:00:00 GMT+0300 (East Africa Time),1487500.000000,982500.000000,505000.000000
C$K Factory W/Hse - SACL,C$K Factory W/Hse,Asset,Balance Sheet,Warehouse,SUPERTEX APA CO. LTD,0,12,Fri Nov 15 2019 00:00:00 GMT+0300 (East Africa Time),Fri Jul 29 2022 00:00:00 GMT+0300 (East Africa Time),60393020.000000,40393020.000000,20000000.000000
Guangzhou China W/Hse - SACL,Guangzhou China W/Hse,Asset,Balance Sheet,Warehouse,SUPERTEX APA CO. LTD,0,12,Thu Oct 13 2016 00:00:00 GMT+0300 (East Africa Time),Thu Aug 31 2017 00:00:00 GMT+0300 (East Africa Time),34434310.000000,34434310.000000,0.000000
Insurance Travel cover - SACL,Insurance Travel cover,Expense,Profit and Loss,Expense Account,SUPERTEX APA CO. LTD,0,12,Thu Oct 31 2019 00:00:00 GMT+0300 (East Africa Time),Wed Sep 30 2020 00:00:00 GMT+0300 (East Africa Time),702996.000000,0.000000,702996.000000
Local Service Tax - SACL,Local Service Tax,Expense,Profit and Loss,Expense Account,SUPERTEX APA CO. LTD,0,8,Mon Oct 31 2016 00:00:00 GMT+0300 (East Africa Time),Thu Mar 12 2026 00:00:00 GMT+0300 (East Africa Time),4276750.000000,243000.000000,4033750.000000
Withholding Tax - SACL,Withholding Tax,Expense,Profit and Loss,Chargeable,SUPERTEX APA CO. LTD,0,7,Fri Oct 31 2025 00:00:00 GMT+0300 (East Africa Time),Mon Jun 15 2026 00:00:00 GMT+0300 (East Africa Time),19185667.000000,0.000000,19185667.000000
NSP2026 - SACL,NSP2026,Asset,Balance Sheet,Cash,SUPERTEX APA CO. LTD,0,6,Tue Apr 28 2026 00:00:00 GMT+0300 (East Africa Time),Mon Jun 29 2026 00:00:00 GMT+0300 (East Africa Time),8416000.000000,0.000000,8416000.000000
Prepaid Purchases - SACL. - SACL,Prepaid Purchases - SACL.,Expense,Profit and Loss,Expense Account,SUPERTEX APA CO. LTD,0,6,Tue Jun 12 2018 00:00:00 GMT+0300 (East Africa Time),Wed Jul 25 2018 00:00:00 GMT+0300 (East Africa Time),6560000.000000,6560000.000000,0.000000
Income Tax(30%) - SACL,Income Tax(30%),Liability,Balance Sheet,Tax,SUPERTEX APA CO. LTD,0,4,Thu Apr 11 2019 00:00:00 GMT+0300 (East Africa Time),Mon Jan 04 2021 00:00:00 GMT+0300 (East Africa Time),1750000.000000,0.000000,1750000.000000
Plant and Machinery - SACL,Plant and Machinery,Asset,Balance Sheet,Fixed Asset,SUPERTEX APA CO. LTD,0,4,Sun Jun 26 2016 00:00:00 GMT+0300 (East Africa Time),Thu Aug 18 2016 00:00:00 GMT+0300 (East Africa Time),3972000.000000,0.000000,3972000.000000
Airtel Money 0702-436427 - SACL,Airtel Money 0702-436427,Asset,Balance Sheet,Bank,SUPERTEX APA CO. LTD,0,3,Tue Jan 06 2026 00:00:00 GMT+0300 (East Africa Time),Wed Jan 21 2026 00:00:00 GMT+0300 (East Africa Time),1000000.000000,1000000.000000,0.000000
Centenary Bank(Kagabu Isa) UGX 3100080256 - SACL,Centenary Bank(Kagabu Isa) UGX 3100080256,Asset,Balance Sheet,Bank,SUPERTEX APA CO. LTD,0,3,Tue Jun 01 2021 00:00:00 GMT+0300 (East Africa Time),Mon Jul 31 2023 00:00:00 GMT+0300 (East Africa Time),49696400.000000,47607300.000000,2089100.000000
Expenses Included In Valuation - SACL,Expenses Included In Valuation,Expense,Profit and Loss,Expenses Included In Valuation,SUPERTEX APA CO. LTD,0,3,Fri Aug 05 2016 00:00:00 GMT+0300 (East Africa Time),Sat Dec 31 2016 00:00:00 GMT+0300 (East Africa Time),154433451.000000,154433451.000000,0.000000
Temporary DDR W/Hse - SACL,Temporary DDR W/Hse,Asset,Balance Sheet,Warehouse,SUPERTEX APA CO. LTD,0,3,Thu Apr 20 2017 00:00:00 GMT+0300 (East Africa Time),Thu Aug 31 2017 00:00:00 GMT+0300 (East Africa Time),435000.000000,435000.000000,0.000000
Transfer CPU W/Hse - SACL,Transfer CPU W/Hse,Asset,Balance Sheet,Warehouse,SUPERTEX APA CO. LTD,0,3,Mon Apr 24 2017 00:00:00 GMT+0300 (East Africa Time),Thu Aug 31 2017 00:00:00 GMT+0300 (East Africa Time),160000.000000,160000.000000,0.000000
VAT Payable(18%) - SACL,VAT Payable(18%),Liability,Balance Sheet,,SUPERTEX APA CO. LTD,0,3,Sun Dec 31 2017 00:00:00 GMT+0300 (East Africa Time),Wed Dec 19 2018 00:00:00 GMT+0300 (East Africa Time),42130746.000000,22051150.000000,20079596.000000
Balance in China - SACL,Balance in China,Asset,Balance Sheet,Stock,SUPERTEX APA CO. LTD,0,2,Thu Aug 31 2017 00:00:00 GMT+0300 (East Africa Time),Tue Oct 31 2017 00:00:00 GMT+0300 (East Africa Time),14322000.000000,14253000.000000,69000.000000
Depreciation - SACL,Depreciation,Expense,Profit and Loss,Expense Account,SUPERTEX APA CO. LTD,0,2,Wed Jun 15 2016 00:00:00 GMT+0300 (East Africa Time),Sat Dec 31 2016 00:00:00 GMT+0300 (East Africa Time),285000.000000,285000.000000,0.000000
Goods in Transit - SACL,Goods in Transit,Asset,Balance Sheet,Stock,SUPERTEX APA CO. LTD,0,2,Thu Aug 31 2017 00:00:00 GMT+0300 (East Africa Time),Fri Sep 22 2017 00:00:00 GMT+0300 (East Africa Time),273385600.000000,273385600.000000,0.000000
Home Office(Wife) - SACL,Home Office(Wife),Asset,Balance Sheet,Cash,SUPERTEX APA CO. LTD,0,2,Wed Jan 25 2017 00:00:00 GMT+0300 (East Africa Time),Sat Sep 30 2017 00:00:00 GMT+0300 (East Africa Time),44400.000000,44400.000000,0.000000
Retained Earnings - SACL,Retained Earnings,Equity,Balance Sheet,Equity,SUPERTEX APA CO. LTD,0,2,Sat Dec 31 2016 00:00:00 GMT+0300 (East Africa Time),Sun Dec 31 2017 00:00:00 GMT+0300 (East Africa Time),82452066.000000,51039934.000000,31412132.000000
Temporary expense - SACL,Temporary expense,Expense,Profit and Loss,Expense Account,SUPERTEX APA CO. LTD,0,2,Mon Jun 11 2018 00:00:00 GMT+0300 (East Africa Time),Mon Jun 11 2018 00:00:00 GMT+0300 (East Africa Time),351100.000000,0.000000,351100.000000
Land - SACL,Land,Asset,Balance Sheet,Fixed Asset,SUPERTEX APA CO. LTD,0,1,Thu Nov 30 2017 00:00:00 GMT+0300 (East Africa Time),Thu Nov 30 2017 00:00:00 GMT+0300 (East Africa Time),78650000.000000,0.000000,78650000.000000
Mobile Money Float - SACL,Mobile Money Float,Asset,Balance Sheet,Cash,SUPERTEX APA CO. LTD,0,1,Tue Dec 31 2019 00:00:00 GMT+0300 (East Africa Time),Tue Dec 31 2019 00:00:00 GMT+0300 (East Africa Time),3000000.000000,0.000000,3000000.000000
MTN Momo 0785-578484 - SACL,MTN Momo 0785-578484,Asset,Balance Sheet,Bank,SUPERTEX APA CO. LTD,0,1,Tue Jun 30 2026 00:00:00 GMT+0300 (East Africa Time),Tue Jun 30 2026 00:00:00 GMT+0300 (East Africa Time),7000000.000000,0.000000,7000000.000000
Taff Arua W/Hse Shp- SACL - SACL,Taff Arua W/Hse Shp- SACL,Asset,Balance Sheet,Warehouse,SUPERTEX APA CO. LTD,0,1,Tue Oct 30 2018 00:00:00 GMT+0300 (East Africa Time),Tue Oct 30 2018 00:00:00 GMT+0300 (East Africa Time),0.000000,0.000000,0.000000
Wholesale W/Hse - SACL,Wholesale W/Hse,Asset,Balance Sheet,Warehouse,SUPERTEX APA CO. LTD,0,1,Wed May 09 2018 00:00:00 GMT+0300 (East Africa Time),Wed May 09 2018 00:00:00 GMT+0300 (East Africa Time),196330.000000,0.000000,196330.000000
